post_id,time_observed,true_comment_count,observed_comment_count,simulated_comment_count,true_depth,true_breadth,simulated_depth,simulated_breadth,f1,precision,recall,true_pos,false_pos,false_neg,dist,remove_count,remove_time,insert_count,insert_time,update_count,update_time,match_count,disconnected
t3_50kqmd,0.0,1,0,0,2,1,1,1,0,0,0.0,0,0,1,1.0,0,0,1,0,0,0,1,True
t3_50kqmd,1.0,1,1,1,2,1,2,1,0,0,0,0,0,0,0.0,0,0,0,0,0,0,2,True
t3_50kqmd,2.0,1,1,1,2,1,2,1,0,0,0,0,0,0,0.0,0,0,0,0,0,0,2,True
t3_50kqmd,5.0,1,1,1,2,1,2,1,0,0,0,0,0,0,0.0,0,0,0,0,0,0,2,True
t3_50kqmd,10.0,1,1,1,2,1,2,1,0,0,0,0,0,0,0.0,0,0,0,0,0,0,2,True
t3_50kqmd,20.0,1,1,1,2,1,2,1,0,0,0,0,0,0,0.0,0,0,0,0,0,0,2,True
t3_50kqmd,30.0,1,1,1,2,1,2,1,0,0,0,0,0,0,0.0,0,0,0,0,0,0,2,True
t3_50kqmd,40.0,1,1,1,2,1,2,1,0,0,0,0,0,0,0.0,0,0,0,0,0,0,2,True
t3_50kqmd,50.0,1,1,1,2,1,2,1,0,0,0,0,0,0,0.0,0,0,0,0,0,0,2,True
t3_50qg3c,0.0,2,0,0,2,2,1,1,0,0,0.0,0,0,2,2.0,0,0,2,9025,0,0,1,True
t3_50qg3c,1.0,2,0,0,2,2,1,1,0,0,0.0,0,0,2,2.0,0,0,2,9025,0,0,1,True
t3_50qg3c,2.0,2,1,1,2,2,2,1,0,0,0.0,0,0,1,1.0,0,0,1,9025,0,0,2,True
t3_50qg3c,5.0,2,2,2,2,2,2,2,0,0,0,0,0,0,0.0,0,0,0,0,0,0,3,True
t3_50qg3c,10.0,2,2,2,2,2,2,2,0,0,0,0,0,0,0.0,0,0,0,0,0,0,3,True
t3_50qg3c,20.0,2,2,2,2,2,2,2,0,0,0,0,0,0,0.0,0,0,0,0,0,0,3,True
t3_50qg3c,30.0,2,2,2,2,2,2,2,0,0,0,0,0,0,0.0,0,0,0,0,0,0,3,True
t3_50qg3c,40.0,2,2,2,2,2,2,2,0,0,0,0,0,0,0.0,0,0,0,0,0,0,3,True
t3_50qg3c,50.0,2,2,2,2,2,2,2,0,0,0,0,0,0,0.0,0,0,0,0,0,0,3,True
t3_50qsyv,0.0,4,0,2,2,4,2,2,0.6666666666666666,1.0,0.5,2,0,2,2.0,0,0,2,19463,0,0,3,True
t3_50qsyv,1.0,4,1,1,2,4,2,1,0,0,0.0,0,0,3,3.0,0,0,3,24032,0,0,2,True
t3_50qsyv,2.0,4,2,2,2,4,2,2,0,0,0.0,0,0,2,2.0,0,0,2,19463,0,0,3,True
t3_50qsyv,5.0,4,4,4,2,4,2,4,0,0,0,0,0,0,0.0,0,0,0,0,0,0,5,True
t3_50qsyv,10.0,4,4,4,2,4,2,4,0,0,0,0,0,0,0.0,0,0,0,0,0,0,5,True
t3_50qsyv,20.0,4,4,4,2,4,2,4,0,0,0,0,0,0,0.0,0,0,0,0,0,0,5,True
t3_50qsyv,30.0,4,4,4,2,4,2,4,0,0,0,0,0,0,0.0,0,0,0,0,0,0,5,True
t3_50qsyv,40.0,4,4,4,2,4,2,4,0,0,0,0,0,0,0.0,0,0,0,0,0,0,5,True
t3_50qsyv,50.0,4,4,4,2,4,2,4,0,0,0,0,0,0,0.0,0,0,0,0,0,0,5,True
t3_50s2xt,0.0,1,0,1,2,1,2,1,1.0,1.0,1.0,1,0,0,0.0,0,0,0,0,0,0,2,False
t3_50s2xt,1.0,1,1,1,2,1,2,1,0,0,0,0,0,0,0.0,0,0,0,0,0,0,2,False
t3_50s2xt,2.0,1,1,1,2,1,2,1,0,0,0,0,0,0,0.0,0,0,0,0,0,0,2,False
t3_50s2xt,5.0,1,1,1,2,1,2,1,0,0,0,0,0,0,0.0,0,0,0,0,0,0,2,False
t3_50s2xt,10.0,1,1,1,2,1,2,1,0,0,0,0,0,0,0.0,0,0,0,0,0,0,2,False
t3_50s2xt,20.0,1,1,1,2,1,2,1,0,0,0,0,0,0,0.0,0,0,0,0,0,0,2,False
t3_50s2xt,30.0,1,1,1,2,1,2,1,0,0,0,0,0,0,0.0,0,0,0,0,0,0,2,False
t3_50s2xt,40.0,1,1,1,2,1,2,1,0,0,0,0,0,0,0.0,0,0,0,0,0,0,2,False
t3_50s2xt,50.0,1,1,1,2,1,2,1,0,0,0,0,0,0,0.0,0,0,0,0,0,0,2,False
t3_50sc44,0.0,4,0,0,3,3,1,1,0,0,0.0,0,0,4,4.0,0,0,4,4601,0,0,1,True
t3_50sc44,1.0,4,4,5,3,3,3,3,0,0.0,0,0,1,0,1.0,1,81575.94365406557,0,0,0,0,5,True
t3_50sc44,2.0,4,4,4,3,3,3,3,0,0,0,0,0,0,0.0,0,0,0,0,0,0,5,True
t3_50sc44,5.0,4,4,4,3,3,3,3,0,0,0,0,0,0,0.0,0,0,0,0,0,0,5,True
t3_50sc44,10.0,4,4,4,3,3,3,3,0,0,0,0,0,0,0.0,0,0,0,0,0,0,5,True
t3_50sc44,20.0,4,4,4,3,3,3,3,0,0,0,0,0,0,0.0,0,0,0,0,0,0,5,True
t3_50sc44,30.0,4,4,4,3,3,3,3,0,0,0,0,0,0,0.0,0,0,0,0,0,0,5,True
t3_50sc44,40.0,4,4,4,3,3,3,3,0,0,0,0,0,0,0.0,0,0,0,0,0,0,5,True
t3_50sc44,50.0,4,4,4,3,3,3,3,0,0,0,0,0,0,0.0,0,0,0,0,0,0,5,True
t3_50srre,0.0,1,0,1,2,1,2,1,1.0,1.0,1.0,1,0,0,0.0,0,0,0,0,0,0,2,True
t3_50srre,1.0,1,1,1,2,1,2,1,0,0,0,0,0,0,0.0,0,0,0,0,0,0,2,True
t3_50srre,2.0,1,1,1,2,1,2,1,0,0,0,0,0,0,0.0,0,0,0,0,0,0,2,True
t3_50srre,5.0,1,1,1,2,1,2,1,0,0,0,0,0,0,0.0,0,0,0,0,0,0,2,True
t3_50srre,10.0,1,1,1,2,1,2,1,0,0,0,0,0,0,0.0,0,0,0,0,0,0,2,True
t3_50srre,20.0,1,1,1,2,1,2,1,0,0,0,0,0,0,0.0,0,0,0,0,0,0,2,True
t3_50srre,30.0,1,1,1,2,1,2,1,0,0,0,0,0,0,0.0,0,0,0,0,0,0,2,True
t3_50srre,40.0,1,1,1,2,1,2,1,0,0,0,0,0,0,0.0,0,0,0,0,0,0,2,True
t3_50srre,50.0,1,1,1,2,1,2,1,0,0,0,0,0,0,0.0,0,0,0,0,0,0,2,True
t3_50tjhh,0.0,2,0,0,2,2,1,1,0,0,0.0,0,0,2,2.0,0,0,2,568,0,0,1,True
t3_50tjhh,1.0,2,2,2,2,2,2,2,0,0,0,0,0,0,0.0,0,0,0,0,0,0,3,True
t3_50tjhh,2.0,2,2,2,2,2,2,2,0,0,0,0,0,0,0.0,0,0,0,0,0,0,3,True
t3_50tjhh,5.0,2,2,2,2,2,2,2,0,0,0,0,0,0,0.0,0,0,0,0,0,0,3,True
t3_50tjhh,10.0,2,2,2,2,2,2,2,0,0,0,0,0,0,0.0,0,0,0,0,0,0,3,True
t3_50tjhh,20.0,2,2,2,2,2,2,2,0,0,0,0,0,0,0.0,0,0,0,0,0,0,3,True
t3_50tjhh,30.0,2,2,2,2,2,2,2,0,0,0,0,0,0,0.0,0,0,0,0,0,0,3,True
t3_50tjhh,40.0,2,2,2,2,2,2,2,0,0,0,0,0,0,0.0,0,0,0,0,0,0,3,True
t3_50tjhh,50.0,2,2,2,2,2,2,2,0,0,0,0,0,0,0.0,0,0,0,0,0,0,3,True
t3_50tq5q,0.0,2,0,0,2,2,1,1,0,0,0.0,0,0,2,2.0,0,0,2,1466,0,0,1,True
t3_50tq5q,1.0,2,2,3,2,2,2,3,0,0.0,0,0,1,0,1.0,1,7628.506713945848,0,0,0,0,3,True
t3_50tq5q,2.0,2,2,2,2,2,2,2,0,0,0,0,0,0,0.0,0,0,0,0,0,0,3,True
t3_50tq5q,5.0,2,2,2,2,2,2,2,0,0,0,0,0,0,0.0,0,0,0,0,0,0,3,True
t3_50tq5q,10.0,2,2,2,2,2,2,2,0,0,0,0,0,0,0.0,0,0,0,0,0,0,3,True
t3_50tq5q,20.0,2,2,2,2,2,2,2,0,0,0,0,0,0,0.0,0,0,0,0,0,0,3,True
t3_50tq5q,30.0,2,2,2,2,2,2,2,0,0,0,0,0,0,0.0,0,0,0,0,0,0,3,True
t3_50tq5q,40.0,2,2,2,2,2,2,2,0,0,0,0,0,0,0.0,0,0,0,0,0,0,3,True
t3_50tq5q,50.0,2,2,2,2,2,2,2,0,0,0,0,0,0,0.0,0,0,0,0,0,0,3,True
t3_50vjxy,0.0,1,0,0,2,1,1,1,0,0,0.0,0,0,1,1.0,0,0,1,0,0,0,1,False
t3_50vjxy,1.0,1,1,1,2,1,2,1,0,0,0,0,0,0,0.0,0,0,0,0,0,0,2,False
t3_50vjxy,2.0,1,1,1,2,1,2,1,0,0,0,0,0,0,0.0,0,0,0,0,0,0,2,False
t3_50vjxy,5.0,1,1,1,2,1,2,1,0,0,0,0,0,0,0.0,0,0,0,0,0,0,2,False
t3_50vjxy,10.0,1,1,1,2,1,2,1,0,0,0,0,0,0,0.0,0,0,0,0,0,0,2,False
t3_50vjxy,20.0,1,1,1,2,1,2,1,0,0,0,0,0,0,0.0,0,0,0,0,0,0,2,False
t3_50vjxy,30.0,1,1,1,2,1,2,1,0,0,0,0,0,0,0.0,0,0,0,0,0,0,2,False
t3_50vjxy,40.0,1,1,1,2,1,2,1,0,0,0,0,0,0,0.0,0,0,0,0,0,0,2,False
t3_50vjxy,50.0,1,1,1,2,1,2,1,0,0,0,0,0,0,0.0,0,0,0,0,0,0,2,False
t3_50x45k,0.0,5,0,0,3,3,1,1,0,0,0.0,0,0,5,5.0,0,0,5,9376,0,0,1,False
t3_50x45k,1.0,5,3,3,3,3,3,2,0,0,0.0,0,0,2,2.0,0,0,2,7446,0,0,4,False
t3_50x45k,2.0,5,5,5,3,3,3,3,0,0,0,0,0,0,0.0,0,0,0,0,0,0,6,False
t3_50x45k,5.0,5,5,5,3,3,3,3,0,0,0,0,0,0,0.0,0,0,0,0,0,0,6,False
t3_50x45k,10.0,5,5,5,3,3,3,3,0,0,0,0,0,0,0.0,0,0,0,0,0,0,6,False
t3_50x45k,20.0,5,5,5,3,3,3,3,0,0,0,0,0,0,0.0,0,0,0,0,0,0,6,False
t3_50x45k,30.0,5,5,5,3,3,3,3,0,0,0,0,0,0,0.0,0,0,0,0,0,0,6,False
t3_50x45k,40.0,5,5,5,3,3,3,3,0,0,0,0,0,0,0.0,0,0,0,0,0,0,6,False
t3_50x45k,50.0,5,5,5,3,3,3,3,0,0,0,0,0,0,0.0,0,0,0,0,0,0,6,False
t3_50y7us,0.0,2,0,0,2,2,1,1,0,0,0.0,0,0,2,2.0,0,0,2,1028,0,0,1,False
t3_50y7us,1.0,2,2,2,2,2,2,2,0,0,0,0,0,0,0.0,0,0,0,0,0,0,3,False
t3_50y7us,2.0,2,2,2,2,2,2,2,0,0,0,0,0,0,0.0,0,0,0,0,0,0,3,False
t3_50y7us,5.0,2,2,2,2,2,2,2,0,0,0,0,0,0,0.0,0,0,0,0,0,0,3,False
t3_50y7us,10.0,2,2,2,2,2,2,2,0,0,0,0,0,0,0.0,0,0,0,0,0,0,3,False
t3_50y7us,20.0,2,2,2,2,2,2,2,0,0,0,0,0,0,0.0,0,0,0,0,0,0,3,False
t3_50y7us,30.0,2,2,2,2,2,2,2,0,0,0,0,0,0,0.0,0,0,0,0,0,0,3,False
t3_50y7us,40.0,2,2,2,2,2,2,2,0,0,0,0,0,0,0.0,0,0,0,0,0,0,3,False
t3_50y7us,50.0,2,2,2,2,2,2,2,0,0,0,0,0,0,0.0,0,0,0,0,0,0,3,False
t3_50zeoe,0.0,4,0,1,2,4,2,1,0.4,1.0,0.25,1,0,3,3.0,0,0,3,1477,0,0,2,True
t3_50zeoe,1.0,4,4,4,2,4,2,4,0,0,0,0,0,0,0.0,0,0,0,0,0,0,5,True
t3_50zeoe,2.0,4,4,4,2,4,2,4,0,0,0,0,0,0,0.0,0,0,0,0,0,0,5,True
t3_50zeoe,5.0,4,4,4,2,4,2,4,0,0,0,0,0,0,0.0,0,0,0,0,0,0,5,True
t3_50zeoe,10.0,4,4,4,2,4,2,4,0,0,0,0,0,0,0.0,0,0,0,0,0,0,5,True
t3_50zeoe,20.0,4,4,4,2,4,2,4,0,0,0,0,0,0,0.0,0,0,0,0,0,0,5,True
t3_50zeoe,30.0,4,4,4,2,4,2,4,0,0,0,0,0,0,0.0,0,0,0,0,0,0,5,True
t3_50zeoe,40.0,4,4,4,2,4,2,4,0,0,0,0,0,0,0.0,0,0,0,0,0,0,5,True
t3_50zeoe,50.0,4,4,4,2,4,2,4,0,0,0,0,0,0,0.0,0,0,0,0,0,0,5,True
t3_510pmr,0.0,1,0,0,2,1,1,1,0,0,0.0,0,0,1,1.0,0,0,1,0,0,0,1,True
t3_510pmr,1.0,1,1,1,2,1,2,1,0,0,0,0,0,0,0.0,0,0,0,0,0,0,2,True
t3_510pmr,2.0,1,1,1,2,1,2,1,0,0,0,0,0,0,0.0,0,0,0,0,0,0,2,True
t3_510pmr,5.0,1,1,1,2,1,2,1,0,0,0,0,0,0,0.0,0,0,0,0,0,0,2,True
t3_510pmr,10.0,1,1,1,2,1,2,1,0,0,0,0,0,0,0.0,0,0,0,0,0,0,2,True
t3_510pmr,20.0,1,1,1,2,1,2,1,0,0,0,0,0,0,0.0,0,0,0,0,0,0,2,True
t3_510pmr,30.0,1,1,1,2,1,2,1,0,0,0,0,0,0,0.0,0,0,0,0,0,0,2,True
t3_510pmr,40.0,1,1,1,2,1,2,1,0,0,0,0,0,0,0.0,0,0,0,0,0,0,2,True
t3_510pmr,50.0,1,1,1,2,1,2,1,0,0,0,0,0,0,0.0,0,0,0,0,0,0,2,True
t3_5126gw,0.0,1,0,0,2,1,1,1,0,0,0.0,0,0,1,1.0,0,0,1,0,0,0,1,False
t3_5126gw,1.0,1,1,1,2,1,2,1,0,0,0,0,0,0,0.0,0,0,0,0,0,0,2,False
t3_5126gw,2.0,1,1,1,2,1,2,1,0,0,0,0,0,0,0.0,0,0,0,0,0,0,2,False
t3_5126gw,5.0,1,1,1,2,1,2,1,0,0,0,0,0,0,0.0,0,0,0,0,0,0,2,False
t3_5126gw,10.0,1,1,1,2,1,2,1,0,0,0,0,0,0,0.0,0,0,0,0,0,0,2,False
t3_5126gw,20.0,1,1,1,2,1,2,1,0,0,0,0,0,0,0.0,0,0,0,0,0,0,2,False
t3_5126gw,30.0,1,1,1,2,1,2,1,0,0,0,0,0,0,0.0,0,0,0,0,0,0,2,False
t3_5126gw,40.0,1,1,1,2,1,2,1,0,0,0,0,0,0,0.0,0,0,0,0,0,0,2,False
t3_5126gw,50.0,1,1,1,2,1,2,1,0,0,0,0,0,0,0.0,0,0,0,0,0,0,2,False
t3_51441h,0.0,1,0,0,2,1,1,1,0,0,0.0,0,0,1,1.0,0,0,1,0,0,0,1,True
t3_51441h,1.0,1,1,1,2,1,2,1,0,0,0,0,0,0,0.0,0,0,0,0,0,0,2,True
t3_51441h,2.0,1,1,1,2,1,2,1,0,0,0,0,0,0,0.0,0,0,0,0,0,0,2,True
t3_51441h,5.0,1,1,1,2,1,2,1,0,0,0,0,0,0,0.0,0,0,0,0,0,0,2,True
t3_51441h,10.0,1,1,1,2,1,2,1,0,0,0,0,0,0,0.0,0,0,0,0,0,0,2,True
t3_51441h,20.0,1,1,1,2,1,2,1,0,0,0,0,0,0,0.0,0,0,0,0,0,0,2,True
t3_51441h,30.0,1,1,1,2,1,2,1,0,0,0,0,0,0,0.0,0,0,0,0,0,0,2,True
t3_51441h,40.0,1,1,1,2,1,2,1,0,0,0,0,0,0,0.0,0,0,0,0,0,0,2,True
t3_51441h,50.0,1,1,1,2,1,2,1,0,0,0,0,0,0,0.0,0,0,0,0,0,0,2,True
t3_514gun,0.0,5,0,0,3,4,1,1,0,0,0.0,0,0,5,5.0,0,0,5,11121,0,0,1,True
t3_514gun,1.0,5,4,4,3,4,2,4,0,0,0.0,0,0,1,1.0,0,0,1,2324,0,0,5,True
t3_514gun,2.0,5,5,6,3,4,3,4,0,0.0,0,0,1,0,1.0,1,829,0,0,0,0,6,True
t3_514gun,5.0,5,5,5,3,4,3,4,0,0,0,0,0,0,0.0,0,0,0,0,0,0,6,True
t3_514gun,10.0,5,5,5,3,4,3,4,0,0,0,0,0,0,0.0,0,0,0,0,0,0,6,True
t3_514gun,20.0,5,5,5,3,4,3,4,0,0,0,0,0,0,0.0,0,0,0,0,0,0,6,True
t3_514gun,30.0,5,5,5,3,4,3,4,0,0,0,0,0,0,0.0,0,0,0,0,0,0,6,True
t3_514gun,40.0,5,5,5,3,4,3,4,0,0,0,0,0,0,0.0,0,0,0,0,0,0,6,True
t3_514gun,50.0,5,5,5,3,4,3,4,0,0,0,0,0,0,0.0,0,0,0,0,0,0,6,True
t3_514nqo,0.0,1,0,1,2,1,2,1,1.0,1.0,1.0,1,0,0,0.0,0,0,0,0,0,0,2,True
t3_514nqo,1.0,1,1,1,2,1,2,1,0,0,0,0,0,0,0.0,0,0,0,0,0,0,2,True
t3_514nqo,2.0,1,1,1,2,1,2,1,0,0,0,0,0,0,0.0,0,0,0,0,0,0,2,True
t3_514nqo,5.0,1,1,1,2,1,2,1,0,0,0,0,0,0,0.0,0,0,0,0,0,0,2,True
t3_514nqo,10.0,1,1,1,2,1,2,1,0,0,0,0,0,0,0.0,0,0,0,0,0,0,2,True
t3_514nqo,20.0,1,1,1,2,1,2,1,0,0,0,0,0,0,0.0,0,0,0,0,0,0,2,True
t3_514nqo,30.0,1,1,1,2,1,2,1,0,0,0,0,0,0,0.0,0,0,0,0,0,0,2,True
t3_514nqo,40.0,1,1,1,2,1,2,1,0,0,0,0,0,0,0.0,0,0,0,0,0,0,2,True
t3_514nqo,50.0,1,1,1,2,1,2,1,0,0,0,0,0,0,0.0,0,0,0,0,0,0,2,True
t3_515ck8,0.0,3,0,0,2,3,1,1,0,0,0.0,0,0,3,3.0,0,0,3,1501,0,0,1,True
t3_515ck8,1.0,3,3,3,2,3,2,3,0,0,0,0,0,0,0.0,0,0,0,0,0,0,4,True
t3_515ck8,2.0,3,3,3,2,3,2,3,0,0,0,0,0,0,0.0,0,0,0,0,0,0,4,True
t3_515ck8,5.0,3,3,3,2,3,2,3,0,0,0,0,0,0,0.0,0,0,0,0,0,0,4,True
t3_515ck8,10.0,3,3,3,2,3,2,3,0,0,0,0,0,0,0.0,0,0,0,0,0,0,4,True
t3_515ck8,20.0,3,3,3,2,3,2,3,0,0,0,0,0,0,0.0,0,0,0,0,0,0,4,True
t3_515ck8,30.0,3,3,3,2,3,2,3,0,0,0,0,0,0,0.0,0,0,0,0,0,0,4,True
t3_515ck8,40.0,3,3,3,2,3,2,3,0,0,0,0,0,0,0.0,0,0,0,0,0,0,4,True
t3_515ck8,50.0,3,3,3,2,3,2,3,0,0,0,0,0,0,0.0,0,0,0,0,0,0,4,True
t3_5169bz,0.0,1,0,0,2,1,1,1,0,0,0.0,0,0,1,1.0,0,0,1,0,0,0,1,True
t3_5169bz,1.0,1,1,1,2,1,2,1,0,0,0,0,0,0,0.0,0,0,0,0,0,0,2,True
t3_5169bz,2.0,1,1,1,2,1,2,1,0,0,0,0,0,0,0.0,0,0,0,0,0,0,2,True
t3_5169bz,5.0,1,1,1,2,1,2,1,0,0,0,0,0,0,0.0,0,0,0,0,0,0,2,True
t3_5169bz,10.0,1,1,1,2,1,2,1,0,0,0,0,0,0,0.0,0,0,0,0,0,0,2,True
t3_5169bz,20.0,1,1,1,2,1,2,1,0,0,0,0,0,0,0.0,0,0,0,0,0,0,2,True
t3_5169bz,30.0,1,1,1,2,1,2,1,0,0,0,0,0,0,0.0,0,0,0,0,0,0,2,True
t3_5169bz,40.0,1,1,1,2,1,2,1,0,0,0,0,0,0,0.0,0,0,0,0,0,0,2,True
t3_5169bz,50.0,1,1,1,2,1,2,1,0,0,0,0,0,0,0.0,0,0,0,0,0,0,2,True
t3_516jyh,0.0,0,0,1,1,1,2,1,0,0.0,0,0,1,0,1.0,1,0,0,0,0,0,1,False
t3_516jyh,1.0,0,0,0,1,1,1,1,0,0,0,0,0,0,0.0,0,0,0,0,0,0,1,False
t3_516jyh,2.0,0,0,0,1,1,1,1,0,0,0,0,0,0,0.0,0,0,0,0,0,0,1,False
t3_516jyh,5.0,0,0,0,1,1,1,1,0,0,0,0,0,0,0.0,0,0,0,0,0,0,1,False
t3_516jyh,10.0,0,0,0,1,1,1,1,0,0,0,0,0,0,0.0,0,0,0,0,0,0,1,False
t3_516jyh,20.0,0,0,0,1,1,1,1,0,0,0,0,0,0,0.0,0,0,0,0,0,0,1,False
t3_516jyh,30.0,0,0,0,1,1,1,1,0,0,0,0,0,0,0.0,0,0,0,0,0,0,1,False
t3_516jyh,40.0,0,0,0,1,1,1,1,0,0,0,0,0,0,0.0,0,0,0,0,0,0,1,False
t3_516jyh,50.0,0,0,0,1,1,1,1,0,0,0,0,0,0,0.0,0,0,0,0,0,0,1,False
t3_5183a3,0.0,1,0,0,2,1,1,1,0,0,0.0,0,0,1,1.0,0,0,1,0,0,0,1,True
t3_5183a3,1.0,1,1,1,2,1,2,1,0,0,0,0,0,0,0.0,0,0,0,0,0,0,2,True
t3_5183a3,2.0,1,1,1,2,1,2,1,0,0,0,0,0,0,0.0,0,0,0,0,0,0,2,True
t3_5183a3,5.0,1,1,1,2,1,2,1,0,0,0,0,0,0,0.0,0,0,0,0,0,0,2,True
t3_5183a3,10.0,1,1,1,2,1,2,1,0,0,0,0,0,0,0.0,0,0,0,0,0,0,2,True
t3_5183a3,20.0,1,1,1,2,1,2,1,0,0,0,0,0,0,0.0,0,0,0,0,0,0,2,True
t3_5183a3,30.0,1,1,1,2,1,2,1,0,0,0,0,0,0,0.0,0,0,0,0,0,0,2,True
t3_5183a3,40.0,1,1,1,2,1,2,1,0,0,0,0,0,0,0.0,0,0,0,0,0,0,2,True
t3_5183a3,50.0,1,1,1,2,1,2,1,0,0,0,0,0,0,0.0,0,0,0,0,0,0,2,True
t3_51a5ya,0.0,9,0,0,4,4,1,1,0,0,0.0,0,0,9,9.0,0,0,9,84117,0,0,1,False
t3_51a5ya,1.0,9,7,7,4,4,4,4,0,0,0.0,0,0,2,2.0,0,0,2,75426,0,0,8,False
t3_51a5ya,2.0,9,7,7,4,4,4,4,0,0,0.0,0,0,2,2.0,0,0,2,75426,0,0,8,False
t3_51a5ya,5.0,9,8,8,4,4,4,4,0,0,0.0,0,0,1,1.0,0,0,1,64379,0,0,9,False
t3_51a5ya,10.0,9,8,8,4,4,4,4,0,0,0.0,0,0,1,1.0,0,0,1,64379,0,0,9,False
t3_51a5ya,20.0,9,9,9,4,4,4,4,0,0,0,0,0,0,0.0,0,0,0,0,0,0,10,False
t3_51a5ya,30.0,9,9,9,4,4,4,4,0,0,0,0,0,0,0.0,0,0,0,0,0,0,10,False
t3_51a5ya,40.0,9,9,9,4,4,4,4,0,0,0,0,0,0,0.0,0,0,0,0,0,0,10,False
t3_51a5ya,50.0,9,9,9,4,4,4,4,0,0,0,0,0,0,0.0,0,0,0,0,0,0,10,False
t3_51bygs,0.0,1,0,0,2,1,1,1,0,0,0.0,0,0,1,1.0,0,0,1,0,0,0,1,True
t3_51bygs,1.0,1,1,1,2,1,2,1,0,0,0,0,0,0,0.0,0,0,0,0,0,0,2,True
t3_51bygs,2.0,1,1,1,2,1,2,1,0,0,0,0,0,0,0.0,0,0,0,0,0,0,2,True
t3_51bygs,5.0,1,1,1,2,1,2,1,0,0,0,0,0,0,0.0,0,0,0,0,0,0,2,True
t3_51bygs,10.0,1,1,1,2,1,2,1,0,0,0,0,0,0,0.0,0,0,0,0,0,0,2,True
t3_51bygs,20.0,1,1,1,2,1,2,1,0,0,0,0,0,0,0.0,0,0,0,0,0,0,2,True
t3_51bygs,30.0,1,1,1,2,1,2,1,0,0,0,0,0,0,0.0,0,0,0,0,0,0,2,True
t3_51bygs,40.0,1,1,1,2,1,2,1,0,0,0,0,0,0,0.0,0,0,0,0,0,0,2,True
t3_51bygs,50.0,1,1,1,2,1,2,1,0,0,0,0,0,0,0.0,0,0,0,0,0,0,2,True
t3_51clgv,0.0,0,0,4,1,1,2,4,0,0.0,0,0,4,0,4.0,4,413.39351198543125,0,0,0,0,1,False
t3_51clgv,1.0,0,0,0,1,1,1,1,0,0,0,0,0,0,0.0,0,0,0,0,0,0,1,False
t3_51clgv,2.0,0,0,0,1,1,1,1,0,0,0,0,0,0,0.0,0,0,0,0,0,0,1,False
t3_51clgv,5.0,0,0,0,1,1,1,1,0,0,0,0,0,0,0.0,0,0,0,0,0,0,1,False
t3_51clgv,10.0,0,0,0,1,1,1,1,0,0,0,0,0,0,0.0,0,0,0,0,0,0,1,False
t3_51clgv,20.0,0,0,0,1,1,1,1,0,0,0,0,0,0,0.0,0,0,0,0,0,0,1,False
t3_51clgv,30.0,0,0,0,1,1,1,1,0,0,0,0,0,0,0.0,0,0,0,0,0,0,1,False
t3_51clgv,40.0,0,0,0,1,1,1,1,0,0,0,0,0,0,0.0,0,0,0,0,0,0,1,False
t3_51clgv,50.0,0,0,0,1,1,1,1,0,0,0,0,0,0,0.0,0,0,0,0,0,0,1,False
t3_51dipf,0.0,4,0,0,2,4,1,1,0,0,0.0,0,0,4,4.0,0,0,4,7018,0,0,1,True
t3_51dipf,1.0,4,3,3,2,4,2,3,0,0,0.0,0,0,1,1.0,0,0,1,4499,0,0,4,True
t3_51dipf,2.0,4,4,4,2,4,2,4,0,0,0,0,0,0,0.0,0,0,0,0,0,0,5,True
t3_51dipf,5.0,4,4,4,2,4,2,4,0,0,0,0,0,0,0.0,0,0,0,0,0,0,5,True
t3_51dipf,10.0,4,4,4,2,4,2,4,0,0,0,0,0,0,0.0,0,0,0,0,0,0,5,True
t3_51dipf,20.0,4,4,4,2,4,2,4,0,0,0,0,0,0,0.0,0,0,0,0,0,0,5,True
t3_51dipf,30.0,4,4,4,2,4,2,4,0,0,0,0,0,0,0.0,0,0,0,0,0,0,5,True
t3_51dipf,40.0,4,4,4,2,4,2,4,0,0,0,0,0,0,0.0,0,0,0,0,0,0,5,True
t3_51dipf,50.0,4,4,4,2,4,2,4,0,0,0,0,0,0,0.0,0,0,0,0,0,0,5,True
t3_51dm8g,0.0,8,0,0,3,5,1,1,0,0,0.0,0,0,8,8.0,0,0,8,528488,0,0,1,True
t3_51dm8g,1.0,8,2,2,3,5,2,2,0,0,0.0,0,0,6,6.0,0,0,6,526106,0,0,3,True
t3_51dm8g,2.0,8,5,5,3,5,2,5,0,0,0.0,0,0,3,3.0,0,0,3,14161,0,0,6,True
t3_51dm8g,5.0,8,5,5,3,5,2,5,0,0,0.0,0,0,3,3.0,0,0,3,14161,0,0,6,True
t3_51dm8g,10.0,8,6,6,3,5,3,5,0,0,0.0,0,0,2,2.0,0,0,2,12043,0,0,7,True
t3_51dm8g,20.0,8,6,6,3,5,3,5,0,0,0.0,0,0,2,2.0,0,0,2,12043,0,0,7,True
t3_51dm8g,30.0,8,6,6,3,5,3,5,0,0,0.0,0,0,2,2.0,0,0,2,12043,0,0,7,True
t3_51dm8g,40.0,8,6,6,3,5,3,5,0,0,0.0,0,0,2,2.0,0,0,2,12043,0,0,7,True
t3_51dm8g,50.0,8,6,6,3,5,3,5,0,0,0.0,0,0,2,2.0,0,0,2,12043,0,0,7,True
t3_51eivy,0.0,1,0,0,2,1,1,1,0,0,0.0,0,0,1,1.0,0,0,1,0,0,0,1,True
t3_51eivy,1.0,1,1,1,2,1,2,1,0,0,0,0,0,0,0.0,0,0,0,0,0,0,2,True
t3_51eivy,2.0,1,1,1,2,1,2,1,0,0,0,0,0,0,0.0,0,0,0,0,0,0,2,True
t3_51eivy,5.0,1,1,1,2,1,2,1,0,0,0,0,0,0,0.0,0,0,0,0,0,0,2,True
t3_51eivy,10.0,1,1,1,2,1,2,1,0,0,0,0,0,0,0.0,0,0,0,0,0,0,2,True
t3_51eivy,20.0,1,1,1,2,1,2,1,0,0,0,0,0,0,0.0,0,0,0,0,0,0,2,True
t3_51eivy,30.0,1,1,1,2,1,2,1,0,0,0,0,0,0,0.0,0,0,0,0,0,0,2,True
t3_51eivy,40.0,1,1,1,2,1,2,1,0,0,0,0,0,0,0.0,0,0,0,0,0,0,2,True
t3_51eivy,50.0,1,1,1,2,1,2,1,0,0,0,0,0,0,0.0,0,0,0,0,0,0,2,True
t3_51gq75,0.0,10,0,0,3,6,1,1,0,0,0.0,0,0,10,10.0,0,0,10,40804,0,0,1,False
t3_51gq75,1.0,10,5,5,3,6,3,3,0,0,0.0,0,0,5,5.0,0,0,5,35553,0,0,6,False
t3_51gq75,2.0,10,9,9,3,6,3,5,0,0,0.0,0,0,1,1.0,0,0,1,22419,0,0,10,False
t3_51gq75,5.0,10,9,9,3,6,3,5,0,0,0.0,0,0,1,1.0,0,0,1,22419,0,0,10,False
t3_51gq75,10.0,10,10,10,3,6,3,6,0,0,0,0,0,0,0.0,0,0,0,0,0,0,11,False
t3_51gq75,20.0,10,10,10,3,6,3,6,0,0,0,0,0,0,0.0,0,0,0,0,0,0,11,False
t3_51gq75,30.0,10,10,10,3,6,3,6,0,0,0,0,0,0,0.0,0,0,0,0,0,0,11,False
t3_51gq75,40.0,10,10,10,3,6,3,6,0,0,0,0,0,0,0.0,0,0,0,0,0,0,11,False
t3_51gq75,50.0,10,10,10,3,6,3,6,0,0,0,0,0,0,0.0,0,0,0,0,0,0,11,False
t3_51h0d2,0.0,10,0,1,4,7,2,1,0.18181818181818182,1.0,0.1,1,0,9,9.0,0,0,9,44314,0,0,2,True
t3_51h0d2,1.0,10,5,5,4,7,2,5,0,0,0.0,0,0,5,5.0,0,0,5,68287,0,0,6,True
t3_51h0d2,2.0,10,6,6,4,7,3,5,0,0,0.0,0,0,4,4.0,0,0,4,42173,0,0,7,True
t3_51h0d2,5.0,10,7,7,4,7,3,6,0,0,0.0,0,0,3,3.0,0,0,3,34666,0,0,8,True
t3_51h0d2,10.0,10,10,10,4,7,4,7,0,0,0,0,0,0,0.0,0,0,0,0,0,0,11,True
t3_51h0d2,20.0,10,10,10,4,7,4,7,0,0,0,0,0,0,0.0,0,0,0,0,0,0,11,True
t3_51h0d2,30.0,10,10,10,4,7,4,7,0,0,0,0,0,0,0.0,0,0,0,0,0,0,11,True
t3_51h0d2,40.0,10,10,10,4,7,4,7,0,0,0,0,0,0,0.0,0,0,0,0,0,0,11,True
t3_51h0d2,50.0,10,10,10,4,7,4,7,0,0,0,0,0,0,0.0,0,0,0,0,0,0,11,True
t3_51ig32,0.0,2,0,0,2,2,1,1,0,0,0.0,0,0,2,2.0,0,0,2,41321,0,0,1,True
t3_51ig32,1.0,2,1,1,2,2,2,1,0,0,0.0,0,0,1,1.0,0,0,1,41321,0,0,2,True
t3_51ig32,2.0,2,1,1,2,2,2,1,0,0,0.0,0,0,1,1.0,0,0,1,41321,0,0,2,True
t3_51ig32,5.0,2,1,1,2,2,2,1,0,0,0.0,0,0,1,1.0,0,0,1,41321,0,0,2,True
t3_51ig32,10.0,2,1,1,2,2,2,1,0,0,0.0,0,0,1,1.0,0,0,1,41321,0,0,2,True
t3_51ig32,20.0,2,2,2,2,2,2,2,0,0,0,0,0,0,0.0,0,0,0,0,0,0,3,True
t3_51ig32,30.0,2,2,2,2,2,2,2,0,0,0,0,0,0,0.0,0,0,0,0,0,0,3,True
t3_51ig32,40.0,2,2,2,2,2,2,2,0,0,0,0,0,0,0.0,0,0,0,0,0,0,3,True
t3_51ig32,50.0,2,2,2,2,2,2,2,0,0,0,0,0,0,0.0,0,0,0,0,0,0,3,True
t3_51ojlr,0.0,2,0,0,2,2,1,1,0,0,0.0,0,0,2,2.0,0,0,2,37529,0,0,1,True
t3_51ojlr,1.0,2,0,0,2,2,1,1,0,0,0.0,0,0,2,2.0,0,0,2,37529,0,0,1,True
t3_51ojlr,2.0,2,0,0,2,2,1,1,0,0,0.0,0,0,2,2.0,0,0,2,37529,0,0,1,True
t3_51ojlr,5.0,2,1,1,2,2,2,1,0,0,0.0,0,0,1,1.0,0,0,1,37529,0,0,2,True
t3_51ojlr,10.0,2,1,1,2,2,2,1,0,0,0.0,0,0,1,1.0,0,0,1,37529,0,0,2,True
t3_51ojlr,20.0,2,2,2,2,2,2,2,0,0,0,0,0,0,0.0,0,0,0,0,0,0,3,True
t3_51ojlr,30.0,2,2,2,2,2,2,2,0,0,0,0,0,0,0.0,0,0,0,0,0,0,3,True
t3_51ojlr,40.0,2,2,2,2,2,2,2,0,0,0,0,0,0,0.0,0,0,0,0,0,0,3,True
t3_51ojlr,50.0,2,2,2,2,2,2,2,0,0,0,0,0,0,0.0,0,0,0,0,0,0,3,True
t3_51q8le,0.0,3,0,1,2,3,2,1,0.5,1.0,0.3333333333333333,1,0,2,2.0,0,0,2,1198,0,0,2,True
t3_51q8le,1.0,3,3,3,2,3,2,3,0,0,0,0,0,0,0.0,0,0,0,0,0,0,4,True
t3_51q8le,2.0,3,3,3,2,3,2,3,0,0,0,0,0,0,0.0,0,0,0,0,0,0,4,True
t3_51q8le,5.0,3,3,3,2,3,2,3,0,0,0,0,0,0,0.0,0,0,0,0,0,0,4,True
t3_51q8le,10.0,3,3,3,2,3,2,3,0,0,0,0,0,0,0.0,0,0,0,0,0,0,4,True
t3_51q8le,20.0,3,3,3,2,3,2,3,0,0,0,0,0,0,0.0,0,0,0,0,0,0,4,True
t3_51q8le,30.0,3,3,3,2,3,2,3,0,0,0,0,0,0,0.0,0,0,0,0,0,0,4,True
t3_51q8le,40.0,3,3,3,2,3,2,3,0,0,0,0,0,0,0.0,0,0,0,0,0,0,4,True
t3_51q8le,50.0,3,3,3,2,3,2,3,0,0,0,0,0,0,0.0,0,0,0,0,0,0,4,True
t3_51r5dp,0.0,0,0,0,1,1,1,1,0,0,0,0,0,0,0.0,0,0,0,0,0,0,1,False
t3_51r5dp,1.0,0,0,0,1,1,1,1,0,0,0,0,0,0,0.0,0,0,0,0,0,0,1,False
t3_51r5dp,2.0,0,0,0,1,1,1,1,0,0,0,0,0,0,0.0,0,0,0,0,0,0,1,False
t3_51r5dp,5.0,0,0,0,1,1,1,1,0,0,0,0,0,0,0.0,0,0,0,0,0,0,1,False
t3_51r5dp,10.0,0,0,0,1,1,1,1,0,0,0,0,0,0,0.0,0,0,0,0,0,0,1,False
t3_51r5dp,20.0,0,0,0,1,1,1,1,0,0,0,0,0,0,0.0,0,0,0,0,0,0,1,False
t3_51r5dp,30.0,0,0,0,1,1,1,1,0,0,0,0,0,0,0.0,0,0,0,0,0,0,1,False
t3_51r5dp,40.0,0,0,0,1,1,1,1,0,0,0,0,0,0,0.0,0,0,0,0,0,0,1,False
t3_51r5dp,50.0,0,0,0,1,1,1,1,0,0,0,0,0,0,0.0,0,0,0,0,0,0,1,False
t3_51rh2h,0.0,1,0,0,2,1,1,1,0,0,0.0,0,0,1,1.0,0,0,1,0,0,0,1,True
t3_51rh2h,1.0,1,1,1,2,1,2,1,0,0,0,0,0,0,0.0,0,0,0,0,0,0,2,True
t3_51rh2h,2.0,1,1,1,2,1,2,1,0,0,0,0,0,0,0.0,0,0,0,0,0,0,2,True
t3_51rh2h,5.0,1,1,1,2,1,2,1,0,0,0,0,0,0,0.0,0,0,0,0,0,0,2,True
t3_51rh2h,10.0,1,1,1,2,1,2,1,0,0,0,0,0,0,0.0,0,0,0,0,0,0,2,True
t3_51rh2h,20.0,1,1,1,2,1,2,1,0,0,0,0,0,0,0.0,0,0,0,0,0,0,2,True
t3_51rh2h,30.0,1,1,1,2,1,2,1,0,0,0,0,0,0,0.0,0,0,0,0,0,0,2,True
t3_51rh2h,40.0,1,1,1,2,1,2,1,0,0,0,0,0,0,0.0,0,0,0,0,0,0,2,True
t3_51rh2h,50.0,1,1,1,2,1,2,1,0,0,0,0,0,0,0.0,0,0,0,0,0,0,2,True
t3_51vx2g,0.0,1,0,0,2,1,1,1,0,0,0.0,0,0,1,1.0,0,0,1,0,0,0,1,True
t3_51vx2g,1.0,1,1,1,2,1,2,1,0,0,0,0,0,0,0.0,0,0,0,0,0,0,2,True
t3_51vx2g,2.0,1,1,1,2,1,2,1,0,0,0,0,0,0,0.0,0,0,0,0,0,0,2,True
t3_51vx2g,5.0,1,1,1,2,1,2,1,0,0,0,0,0,0,0.0,0,0,0,0,0,0,2,True
t3_51vx2g,10.0,1,1,1,2,1,2,1,0,0,0,0,0,0,0.0,0,0,0,0,0,0,2,True
t3_51vx2g,20.0,1,1,1,2,1,2,1,0,0,0,0,0,0,0.0,0,0,0,0,0,0,2,True
t3_51vx2g,30.0,1,1,1,2,1,2,1,0,0,0,0,0,0,0.0,0,0,0,0,0,0,2,True
t3_51vx2g,40.0,1,1,1,2,1,2,1,0,0,0,0,0,0,0.0,0,0,0,0,0,0,2,True
t3_51vx2g,50.0,1,1,1,2,1,2,1,0,0,0,0,0,0,0.0,0,0,0,0,0,0,2,True
t3_525r0m,0.0,10,0,1,4,6,2,1,0.19999999999999998,1.0,0.1111111111111111,1,0,8,9.0,0,0,8,27154,0,0,2,True
t3_525r0m,1.0,10,6,6,4,6,3,5,0,0,0.0,0,0,4,4.0,0,0,4,15028,0,0,7,True
t3_525r0m,2.0,10,7,7,4,6,3,6,0,0,0.0,0,0,3,3.0,0,0,3,6833,0,0,8,True
t3_525r0m,5.0,10,10,10,4,6,4,6,0,0,0,0,0,0,0.0,0,0,0,0,0,0,11,True
t3_525r0m,10.0,10,10,10,4,6,4,6,0,0,0,0,0,0,0.0,0,0,0,0,0,0,11,True
t3_525r0m,20.0,10,10,10,4,6,4,6,0,0,0,0,0,0,0.0,0,0,0,0,0,0,11,True
t3_525r0m,30.0,10,10,10,4,6,4,6,0,0,0,0,0,0,0.0,0,0,0,0,0,0,11,True
t3_525r0m,40.0,10,10,10,4,6,4,6,0,0,0,0,0,0,0.0,0,0,0,0,0,0,11,True
t3_525r0m,50.0,10,10,10,4,6,4,6,0,0,0,0,0,0,0.0,0,0,0,0,0,0,11,True
t3_526m14,0.0,1,0,0,2,1,1,1,0,0,0.0,0,0,1,1.0,0,0,1,0,0,0,1,False
t3_526m14,1.0,1,1,1,2,1,2,1,0,0,0,0,0,0,0.0,0,0,0,0,0,0,2,False
t3_526m14,2.0,1,1,1,2,1,2,1,0,0,0,0,0,0,0.0,0,0,0,0,0,0,2,False
t3_526m14,5.0,1,1,1,2,1,2,1,0,0,0,0,0,0,0.0,0,0,0,0,0,0,2,False
t3_526m14,10.0,1,1,1,2,1,2,1,0,0,0,0,0,0,0.0,0,0,0,0,0,0,2,False
t3_526m14,20.0,1,1,1,2,1,2,1,0,0,0,0,0,0,0.0,0,0,0,0,0,0,2,False
t3_526m14,30.0,1,1,1,2,1,2,1,0,0,0,0,0,0,0.0,0,0,0,0,0,0,2,False
t3_526m14,40.0,1,1,1,2,1,2,1,0,0,0,0,0,0,0.0,0,0,0,0,0,0,2,False
t3_526m14,50.0,1,1,1,2,1,2,1,0,0,0,0,0,0,0.0,0,0,0,0,0,0,2,False
t3_5275cs,0.0,1,0,0,2,1,1,1,0,0,0.0,0,0,1,1.0,0,0,1,0,0,0,1,True
t3_5275cs,1.0,1,1,1,2,1,2,1,0,0,0,0,0,0,0.0,0,0,0,0,0,0,2,True
t3_5275cs,2.0,1,1,1,2,1,2,1,0,0,0,0,0,0,0.0,0,0,0,0,0,0,2,True
t3_5275cs,5.0,1,1,1,2,1,2,1,0,0,0,0,0,0,0.0,0,0,0,0,0,0,2,True
t3_5275cs,10.0,1,1,1,2,1,2,1,0,0,0,0,0,0,0.0,0,0,0,0,0,0,2,True
t3_5275cs,20.0,1,1,1,2,1,2,1,0,0,0,0,0,0,0.0,0,0,0,0,0,0,2,True
t3_5275cs,30.0,1,1,1,2,1,2,1,0,0,0,0,0,0,0.0,0,0,0,0,0,0,2,True
t3_5275cs,40.0,1,1,1,2,1,2,1,0,0,0,0,0,0,0.0,0,0,0,0,0,0,2,True
t3_5275cs,50.0,1,1,1,2,1,2,1,0,0,0,0,0,0,0.0,0,0,0,0,0,0,2,True
t3_5279an,0.0,1,0,0,2,1,1,1,0,0,0.0,0,0,1,1.0,0,0,1,0,0,0,1,True
t3_5279an,1.0,1,1,1,2,1,2,1,0,0,0,0,0,0,0.0,0,0,0,0,0,0,2,True
t3_5279an,2.0,1,1,1,2,1,2,1,0,0,0,0,0,0,0.0,0,0,0,0,0,0,2,True
t3_5279an,5.0,1,1,1,2,1,2,1,0,0,0,0,0,0,0.0,0,0,0,0,0,0,2,True
t3_5279an,10.0,1,1,1,2,1,2,1,0,0,0,0,0,0,0.0,0,0,0,0,0,0,2,True
t3_5279an,20.0,1,1,1,2,1,2,1,0,0,0,0,0,0,0.0,0,0,0,0,0,0,2,True
t3_5279an,30.0,1,1,1,2,1,2,1,0,0,0,0,0,0,0.0,0,0,0,0,0,0,2,True
t3_5279an,40.0,1,1,1,2,1,2,1,0,0,0,0,0,0,0.0,0,0,0,0,0,0,2,True
t3_5279an,50.0,1,1,1,2,1,2,1,0,0,0,0,0,0,0.0,0,0,0,0,0,0,2,True
t3_529htl,0.0,0,0,0,1,1,1,1,0,0,0,0,0,0,0.0,0,0,0,0,0,0,1,True
t3_529htl,1.0,0,0,0,1,1,1,1,0,0,0,0,0,0,0.0,0,0,0,0,0,0,1,True
t3_529htl,2.0,0,0,0,1,1,1,1,0,0,0,0,0,0,0.0,0,0,0,0,0,0,1,True
t3_529htl,5.0,0,0,0,1,1,1,1,0,0,0,0,0,0,0.0,0,0,0,0,0,0,1,True
t3_529htl,10.0,0,0,0,1,1,1,1,0,0,0,0,0,0,0.0,0,0,0,0,0,0,1,True
t3_529htl,20.0,0,0,0,1,1,1,1,0,0,0,0,0,0,0.0,0,0,0,0,0,0,1,True
t3_529htl,30.0,0,0,0,1,1,1,1,0,0,0,0,0,0,0.0,0,0,0,0,0,0,1,True
t3_529htl,40.0,0,0,0,1,1,1,1,0,0,0,0,0,0,0.0,0,0,0,0,0,0,1,True
t3_529htl,50.0,0,0,0,1,1,1,1,0,0,0,0,0,0,0.0,0,0,0,0,0,0,1,True
t3_529tme,0.0,1,0,0,2,1,1,1,0,0,0.0,0,0,1,1.0,0,0,1,0,0,0,1,True
t3_529tme,1.0,1,1,1,2,1,2,1,0,0,0,0,0,0,0.0,0,0,0,0,0,0,2,True
t3_529tme,2.0,1,1,1,2,1,2,1,0,0,0,0,0,0,0.0,0,0,0,0,0,0,2,True
t3_529tme,5.0,1,1,1,2,1,2,1,0,0,0,0,0,0,0.0,0,0,0,0,0,0,2,True
t3_529tme,10.0,1,1,1,2,1,2,1,0,0,0,0,0,0,0.0,0,0,0,0,0,0,2,True
t3_529tme,20.0,1,1,1,2,1,2,1,0,0,0,0,0,0,0.0,0,0,0,0,0,0,2,True
t3_529tme,30.0,1,1,1,2,1,2,1,0,0,0,0,0,0,0.0,0,0,0,0,0,0,2,True
t3_529tme,40.0,1,1,1,2,1,2,1,0,0,0,0,0,0,0.0,0,0,0,0,0,0,2,True
t3_529tme,50.0,1,1,1,2,1,2,1,0,0,0,0,0,0,0.0,0,0,0,0,0,0,2,True
t3_52bc6a,0.0,5,0,0,3,4,1,1,0,0,0.0,0,0,5,5.0,0,0,5,5244,0,0,1,False
t3_52bc6a,1.0,5,5,5,3,4,3,4,0,0,0,0,0,0,0.0,0,0,0,0,0,0,6,False
t3_52bc6a,2.0,5,5,5,3,4,3,4,0,0,0,0,0,0,0.0,0,0,0,0,0,0,6,False
t3_52bc6a,5.0,5,5,5,3,4,3,4,0,0,0,0,0,0,0.0,0,0,0,0,0,0,6,False
t3_52bc6a,10.0,5,5,5,3,4,3,4,0,0,0,0,0,0,0.0,0,0,0,0,0,0,6,False
t3_52bc6a,20.0,5,5,5,3,4,3,4,0,0,0,0,0,0,0.0,0,0,0,0,0,0,6,False
t3_52bc6a,30.0,5,5,5,3,4,3,4,0,0,0,0,0,0,0.0,0,0,0,0,0,0,6,False
t3_52bc6a,40.0,5,5,5,3,4,3,4,0,0,0,0,0,0,0.0,0,0,0,0,0,0,6,False
t3_52bc6a,50.0,5,5,5,3,4,3,4,0,0,0,0,0,0,0.0,0,0,0,0,0,0,6,False
t3_52erdi,0.0,1,0,0,2,1,1,1,0,0,0.0,0,0,1,1.0,0,0,1,0,0,0,1,True
t3_52erdi,1.0,1,1,1,2,1,2,1,0,0,0,0,0,0,0.0,0,0,0,0,0,0,2,True
t3_52erdi,2.0,1,1,1,2,1,2,1,0,0,0,0,0,0,0.0,0,0,0,0,0,0,2,True
t3_52erdi,5.0,1,1,1,2,1,2,1,0,0,0,0,0,0,0.0,0,0,0,0,0,0,2,True
t3_52erdi,10.0,1,1,1,2,1,2,1,0,0,0,0,0,0,0.0,0,0,0,0,0,0,2,True
t3_52erdi,20.0,1,1,1,2,1,2,1,0,0,0,0,0,0,0.0,0,0,0,0,0,0,2,True
t3_52erdi,30.0,1,1,1,2,1,2,1,0,0,0,0,0,0,0.0,0,0,0,0,0,0,2,True
t3_52erdi,40.0,1,1,1,2,1,2,1,0,0,0,0,0,0,0.0,0,0,0,0,0,0,2,True
t3_52erdi,50.0,1,1,1,2,1,2,1,0,0,0,0,0,0,0.0,0,0,0,0,0,0,2,True
t3_52l8aa,0.0,3,0,0,2,3,1,1,0,0,0.0,0,0,3,3.0,0,0,3,360,0,0,1,True
t3_52l8aa,1.0,3,3,3,2,3,2,3,0,0,0,0,0,0,0.0,0,0,0,0,0,0,4,True
t3_52l8aa,2.0,3,3,3,2,3,2,3,0,0,0,0,0,0,0.0,0,0,0,0,0,0,4,True
t3_52l8aa,5.0,3,3,3,2,3,2,3,0,0,0,0,0,0,0.0,0,0,0,0,0,0,4,True
t3_52l8aa,10.0,3,3,3,2,3,2,3,0,0,0,0,0,0,0.0,0,0,0,0,0,0,4,True
t3_52l8aa,20.0,3,3,3,2,3,2,3,0,0,0,0,0,0,0.0,0,0,0,0,0,0,4,True
t3_52l8aa,30.0,3,3,3,2,3,2,3,0,0,0,0,0,0,0.0,0,0,0,0,0,0,4,True
t3_52l8aa,40.0,3,3,3,2,3,2,3,0,0,0,0,0,0,0.0,0,0,0,0,0,0,4,True
t3_52l8aa,50.0,3,3,3,2,3,2,3,0,0,0,0,0,0,0.0,0,0,0,0,0,0,4,True
t3_52nqu8,0.0,5,0,0,3,3,1,1,0,0,0.0,0,0,5,5.0,0,0,5,970,0,0,1,False
t3_52nqu8,1.0,5,5,5,3,3,3,3,0,0,0,0,0,0,0.0,0,0,0,0,0,0,6,False
t3_52nqu8,2.0,5,5,5,3,3,3,3,0,0,0,0,0,0,0.0,0,0,0,0,0,0,6,False
t3_52nqu8,5.0,5,5,5,3,3,3,3,0,0,0,0,0,0,0.0,0,0,0,0,0,0,6,False
t3_52nqu8,10.0,5,5,5,3,3,3,3,0,0,0,0,0,0,0.0,0,0,0,0,0,0,6,False
t3_52nqu8,20.0,5,5,5,3,3,3,3,0,0,0,0,0,0,0.0,0,0,0,0,0,0,6,False
t3_52nqu8,30.0,5,5,5,3,3,3,3,0,0,0,0,0,0,0.0,0,0,0,0,0,0,6,False
t3_52nqu8,40.0,5,5,5,3,3,3,3,0,0,0,0,0,0,0.0,0,0,0,0,0,0,6,False
t3_52nqu8,50.0,5,5,5,3,3,3,3,0,0,0,0,0,0,0.0,0,0,0,0,0,0,6,False
t3_52ret9,0.0,4,0,2,3,3,2,2,0.6666666666666666,1.0,0.5,2,0,2,2.0,0,0,2,3717,0,0,3,True
t3_52ret9,1.0,4,3,3,3,3,3,2,0,0,0.0,0,0,1,1.0,0,0,1,3662,0,0,4,True
t3_52ret9,2.0,4,4,4,3,3,3,3,0,0,0,0,0,0,0.0,0,0,0,0,0,0,5,True
t3_52ret9,5.0,4,4,4,3,3,3,3,0,0,0,0,0,0,0.0,0,0,0,0,0,0,5,True
t3_52ret9,10.0,4,4,4,3,3,3,3,0,0,0,0,0,0,0.0,0,0,0,0,0,0,5,True
t3_52ret9,20.0,4,4,4,3,3,3,3,0,0,0,0,0,0,0.0,0,0,0,0,0,0,5,True
t3_52ret9,30.0,4,4,4,3,3,3,3,0,0,0,0,0,0,0.0,0,0,0,0,0,0,5,True
t3_52ret9,40.0,4,4,4,3,3,3,3,0,0,0,0,0,0,0.0,0,0,0,0,0,0,5,True
t3_52ret9,50.0,4,4,4,3,3,3,3,0,0,0,0,0,0,0.0,0,0,0,0,0,0,5,True
t3_52sfrx,0.0,4,0,0,2,4,1,1,0,0,0.0,0,0,4,4.0,0,0,4,764,0,0,1,True
t3_52sfrx,1.0,4,4,4,2,4,2,4,0,0,0,0,0,0,0.0,0,0,0,0,0,0,5,True
t3_52sfrx,2.0,4,4,4,2,4,2,4,0,0,0,0,0,0,0.0,0,0,0,0,0,0,5,True
t3_52sfrx,5.0,4,4,4,2,4,2,4,0,0,0,0,0,0,0.0,0,0,0,0,0,0,5,True
t3_52sfrx,10.0,4,4,4,2,4,2,4,0,0,0,0,0,0,0.0,0,0,0,0,0,0,5,True
t3_52sfrx,20.0,4,4,4,2,4,2,4,0,0,0,0,0,0,0.0,0,0,0,0,0,0,5,True
t3_52sfrx,30.0,4,4,4,2,4,2,4,0,0,0,0,0,0,0.0,0,0,0,0,0,0,5,True
t3_52sfrx,40.0,4,4,4,2,4,2,4,0,0,0,0,0,0,0.0,0,0,0,0,0,0,5,True
t3_52sfrx,50.0,4,4,4,2,4,2,4,0,0,0,0,0,0,0.0,0,0,0,0,0,0,5,True
t3_52tmqa,0.0,1,0,0,2,1,1,1,0,0,0.0,0,0,1,1.0,0,0,1,0,0,0,1,True
t3_52tmqa,1.0,1,1,1,2,1,2,1,0,0,0,0,0,0,0.0,0,0,0,0,0,0,2,True
t3_52tmqa,2.0,1,1,1,2,1,2,1,0,0,0,0,0,0,0.0,0,0,0,0,0,0,2,True
t3_52tmqa,5.0,1,1,1,2,1,2,1,0,0,0,0,0,0,0.0,0,0,0,0,0,0,2,True
t3_52tmqa,10.0,1,1,1,2,1,2,1,0,0,0,0,0,0,0.0,0,0,0,0,0,0,2,True
t3_52tmqa,20.0,1,1,1,2,1,2,1,0,0,0,0,0,0,0.0,0,0,0,0,0,0,2,True
t3_52tmqa,30.0,1,1,1,2,1,2,1,0,0,0,0,0,0,0.0,0,0,0,0,0,0,2,True
t3_52tmqa,40.0,1,1,1,2,1,2,1,0,0,0,0,0,0,0.0,0,0,0,0,0,0,2,True
t3_52tmqa,50.0,1,1,1,2,1,2,1,0,0,0,0,0,0,0.0,0,0,0,0,0,0,2,True
t3_52txa9,0.0,8,0,2,4,6,2,2,0.4,1.0,0.25,2,0,6,6.0,0,0,6,27792,0,0,3,True
t3_52txa9,1.0,8,6,7,4,6,3,6,0.6666666666666666,1.0,0.5,1,0,1,1.0,0,0,1,360,0,0,8,True
t3_52txa9,2.0,8,7,7,4,6,4,5,0,0,0.0,0,0,1,1.0,0,0,1,19181,0,0,8,True
t3_52txa9,5.0,8,7,7,4,6,4,5,0,0,0.0,0,0,1,1.0,0,0,1,19181,0,0,8,True
t3_52txa9,10.0,8,8,8,4,6,4,6,0,0,0,0,0,0,0.0,0,0,0,0,0,0,9,True
t3_52txa9,20.0,8,8,8,4,6,4,6,0,0,0,0,0,0,0.0,0,0,0,0,0,0,9,True
t3_52txa9,30.0,8,8,8,4,6,4,6,0,0,0,0,0,0,0.0,0,0,0,0,0,0,9,True
t3_52txa9,40.0,8,8,8,4,6,4,6,0,0,0,0,0,0,0.0,0,0,0,0,0,0,9,True
t3_52txa9,50.0,8,8,8,4,6,4,6,0,0,0,0,0,0,0.0,0,0,0,0,0,0,9,True
t3_52uj6g,0.0,10,0,2,4,6,2,2,0.3636363636363636,1.0,0.2222222222222222,2,0,7,8.0,0,0,7,102654,0,0,3,True
t3_52uj6g,1.0,10,3,4,4,6,3,2,0.2857142857142857,1.0,0.16666666666666666,1,0,5,6.0,0,0,5,86699,0,0,5,True
t3_52uj6g,2.0,10,5,5,4,6,3,3,0,0,0.0,0,0,5,5.0,0,0,5,102579,0,0,6,True
t3_52uj6g,5.0,10,7,7,4,6,3,4,0,0,0.0,0,0,3,3.0,0,0,3,78226,0,0,8,True
t3_52uj6g,10.0,10,8,8,4,6,3,5,0,0,0.0,0,0,2,2.0,0,0,2,57349,0,0,9,True
t3_52uj6g,20.0,10,10,10,4,6,4,6,0,0,0,0,0,0,0.0,0,0,0,0,0,0,11,True
t3_52uj6g,30.0,10,10,10,4,6,4,6,0,0,0,0,0,0,0.0,0,0,0,0,0,0,11,True
t3_52uj6g,40.0,10,10,10,4,6,4,6,0,0,0,0,0,0,0.0,0,0,0,0,0,0,11,True
t3_52uj6g,50.0,10,10,10,4,6,4,6,0,0,0,0,0,0,0.0,0,0,0,0,0,0,11,True
t3_52vwgs,0.0,1,0,1,2,1,2,1,1.0,1.0,1.0,1,0,0,0.0,0,0,0,0,0,0,2,True
t3_52vwgs,1.0,1,1,1,2,1,2,1,0,0,0,0,0,0,0.0,0,0,0,0,0,0,2,True
t3_52vwgs,2.0,1,1,1,2,1,2,1,0,0,0,0,0,0,0.0,0,0,0,0,0,0,2,True
t3_52vwgs,5.0,1,1,1,2,1,2,1,0,0,0,0,0,0,0.0,0,0,0,0,0,0,2,True
t3_52vwgs,10.0,1,1,1,2,1,2,1,0,0,0,0,0,0,0.0,0,0,0,0,0,0,2,True
t3_52vwgs,20.0,1,1,1,2,1,2,1,0,0,0,0,0,0,0.0,0,0,0,0,0,0,2,True
t3_52vwgs,30.0,1,1,1,2,1,2,1,0,0,0,0,0,0,0.0,0,0,0,0,0,0,2,True
t3_52vwgs,40.0,1,1,1,2,1,2,1,0,0,0,0,0,0,0.0,0,0,0,0,0,0,2,True
t3_52vwgs,50.0,1,1,1,2,1,2,1,0,0,0,0,0,0,0.0,0,0,0,0,0,0,2,True
t3_52x2wz,0.0,0,0,1,1,1,2,1,0,0.0,0,0,1,0,1.0,1,0,0,0,0,0,1,False
t3_52x2wz,1.0,0,0,0,1,1,1,1,0,0,0,0,0,0,0.0,0,0,0,0,0,0,1,False
t3_52x2wz,2.0,0,0,0,1,1,1,1,0,0,0,0,0,0,0.0,0,0,0,0,0,0,1,False
t3_52x2wz,5.0,0,0,0,1,1,1,1,0,0,0,0,0,0,0.0,0,0,0,0,0,0,1,False
t3_52x2wz,10.0,0,0,0,1,1,1,1,0,0,0,0,0,0,0.0,0,0,0,0,0,0,1,False
t3_52x2wz,20.0,0,0,0,1,1,1,1,0,0,0,0,0,0,0.0,0,0,0,0,0,0,1,False
t3_52x2wz,30.0,0,0,0,1,1,1,1,0,0,0,0,0,0,0.0,0,0,0,0,0,0,1,False
t3_52x2wz,40.0,0,0,0,1,1,1,1,0,0,0,0,0,0,0.0,0,0,0,0,0,0,1,False
t3_52x2wz,50.0,0,0,0,1,1,1,1,0,0,0,0,0,0,0.0,0,0,0,0,0,0,1,False
t3_52x8qy,0.0,1,0,1,2,1,2,1,1.0,1.0,1.0,1,0,0,0.0,0,0,0,0,0,0,2,True
t3_52x8qy,1.0,1,1,1,2,1,2,1,0,0,0,0,0,0,0.0,0,0,0,0,0,0,2,True
t3_52x8qy,2.0,1,1,1,2,1,2,1,0,0,0,0,0,0,0.0,0,0,0,0,0,0,2,True
t3_52x8qy,5.0,1,1,1,2,1,2,1,0,0,0,0,0,0,0.0,0,0,0,0,0,0,2,True
t3_52x8qy,10.0,1,1,1,2,1,2,1,0,0,0,0,0,0,0.0,0,0,0,0,0,0,2,True
t3_52x8qy,20.0,1,1,1,2,1,2,1,0,0,0,0,0,0,0.0,0,0,0,0,0,0,2,True
t3_52x8qy,30.0,1,1,1,2,1,2,1,0,0,0,0,0,0,0.0,0,0,0,0,0,0,2,True
t3_52x8qy,40.0,1,1,1,2,1,2,1,0,0,0,0,0,0,0.0,0,0,0,0,0,0,2,True
t3_52x8qy,50.0,1,1,1,2,1,2,1,0,0,0,0,0,0,0.0,0,0,0,0,0,0,2,True
t3_5324hz,0.0,11,0,2,3,7,2,2,0.3076923076923077,1.0,0.18181818181818182,2,0,9,9.0,0,0,9,22215,0,0,3,False
t3_5324hz,1.0,11,8,9,3,7,3,6,0.5,1.0,0.3333333333333333,1,0,2,2.0,0,0,2,10627,0,0,10,False
t3_5324hz,2.0,11,11,13,3,7,3,9,0,0.0,0,0,2,0,2.0,2,37665.506033651014,0,0,0,0,12,False
t3_5324hz,5.0,11,11,11,3,7,3,7,0,0,0,0,0,0,0.0,0,0,0,0,0,0,12,False
t3_5324hz,10.0,11,11,11,3,7,3,7,0,0,0,0,0,0,0.0,0,0,0,0,0,0,12,False
t3_5324hz,20.0,11,11,11,3,7,3,7,0,0,0,0,0,0,0.0,0,0,0,0,0,0,12,False
t3_5324hz,30.0,11,11,11,3,7,3,7,0,0,0,0,0,0,0.0,0,0,0,0,0,0,12,False
t3_5324hz,40.0,11,11,11,3,7,3,7,0,0,0,0,0,0,0.0,0,0,0,0,0,0,12,False
t3_5324hz,50.0,11,11,11,3,7,3,7,0,0,0,0,0,0,0.0,0,0,0,0,0,0,12,False
t3_532uk0,0.0,1,0,0,2,1,1,1,0,0,0.0,0,0,1,1.0,0,0,1,0,0,0,1,False
t3_532uk0,1.0,1,1,1,2,1,2,1,0,0,0,0,0,0,0.0,0,0,0,0,0,0,2,False
t3_532uk0,2.0,1,1,1,2,1,2,1,0,0,0,0,0,0,0.0,0,0,0,0,0,0,2,False
t3_532uk0,5.0,1,1,1,2,1,2,1,0,0,0,0,0,0,0.0,0,0,0,0,0,0,2,False
t3_532uk0,10.0,1,1,1,2,1,2,1,0,0,0,0,0,0,0.0,0,0,0,0,0,0,2,False
t3_532uk0,20.0,1,1,1,2,1,2,1,0,0,0,0,0,0,0.0,0,0,0,0,0,0,2,False
t3_532uk0,30.0,1,1,1,2,1,2,1,0,0,0,0,0,0,0.0,0,0,0,0,0,0,2,False
t3_532uk0,40.0,1,1,1,2,1,2,1,0,0,0,0,0,0,0.0,0,0,0,0,0,0,2,False
t3_532uk0,50.0,1,1,1,2,1,2,1,0,0,0,0,0,0,0.0,0,0,0,0,0,0,2,False
t3_53367f,0.0,0,0,1,1,1,2,1,0,0.0,0,0,1,0,1.0,1,0,0,0,0,0,1,False
t3_53367f,1.0,0,0,0,1,1,1,1,0,0,0,0,0,0,0.0,0,0,0,0,0,0,1,False
t3_53367f,2.0,0,0,0,1,1,1,1,0,0,0,0,0,0,0.0,0,0,0,0,0,0,1,False
t3_53367f,5.0,0,0,0,1,1,1,1,0,0,0,0,0,0,0.0,0,0,0,0,0,0,1,False
t3_53367f,10.0,0,0,0,1,1,1,1,0,0,0,0,0,0,0.0,0,0,0,0,0,0,1,False
t3_53367f,20.0,0,0,0,1,1,1,1,0,0,0,0,0,0,0.0,0,0,0,0,0,0,1,False
t3_53367f,30.0,0,0,0,1,1,1,1,0,0,0,0,0,0,0.0,0,0,0,0,0,0,1,False
t3_53367f,40.0,0,0,0,1,1,1,1,0,0,0,0,0,0,0.0,0,0,0,0,0,0,1,False
t3_53367f,50.0,0,0,0,1,1,1,1,0,0,0,0,0,0,0.0,0,0,0,0,0,0,1,False
t3_5359j6,0.0,23,0,0,5,12,1,1,0,0,0.0,0,0,23,23.0,0,0,23,548064,0,0,1,True
t3_5359j6,1.0,23,5,5,5,12,3,4,0,0,0.0,0,0,18,18.0,0,0,18,495107,0,0,6,True
t3_5359j6,2.0,23,5,5,5,12,3,4,0,0,0.0,0,0,18,18.0,0,0,18,495107,0,0,6,True
t3_5359j6,5.0,23,6,6,5,12,3,5,0,0,0.0,0,0,17,17.0,0,0,17,467607,0,0,7,True
t3_5359j6,10.0,23,20,23,5,12,5,14,0.3333333333333333,0.3333333333333333,0.3333333333333333,1,2,2,4.0,2,186413.29238043347,2,54060,0,0,22,True
t3_5359j6,20.0,23,22,22,5,12,5,11,0,0,0.0,0,0,1,1.0,0,0,1,92280,0,0,23,True
t3_5359j6,30.0,23,23,24,5,12,5,13,0,0.0,0,0,1,0,1.0,1,133925.25475351897,0,0,0,0,24,True
t3_5359j6,40.0,23,23,24,5,12,5,13,0,0.0,0,0,1,0,1.0,1,318202.57513893023,0,0,0,0,24,True
t3_5359j6,50.0,23,23,23,5,12,5,12,0,0,0,0,0,0,0.0,0,0,0,0,0,0,24,True
t3_536b4o,0.0,2,0,0,2,2,1,1,0,0,0.0,0,0,2,2.0,0,0,2,232,0,0,1,True
t3_536b4o,1.0,2,2,2,2,2,2,2,0,0,0,0,0,0,0.0,0,0,0,0,0,0,3,True
t3_536b4o,2.0,2,2,2,2,2,2,2,0,0,0,0,0,0,0.0,0,0,0,0,0,0,3,True
t3_536b4o,5.0,2,2,2,2,2,2,2,0,0,0,0,0,0,0.0,0,0,0,0,0,0,3,True
t3_536b4o,10.0,2,2,2,2,2,2,2,0,0,0,0,0,0,0.0,0,0,0,0,0,0,3,True
t3_536b4o,20.0,2,2,2,2,2,2,2,0,0,0,0,0,0,0.0,0,0,0,0,0,0,3,True
t3_536b4o,30.0,2,2,2,2,2,2,2,0,0,0,0,0,0,0.0,0,0,0,0,0,0,3,True
t3_536b4o,40.0,2,2,2,2,2,2,2,0,0,0,0,0,0,0.0,0,0,0,0,0,0,3,True
t3_536b4o,50.0,2,2,2,2,2,2,2,0,0,0,0,0,0,0.0,0,0,0,0,0,0,3,True
t3_537ihv,0.0,0,0,1,1,1,2,1,0,0.0,0,0,1,0,1.0,1,0,0,0,0,0,1,False
t3_537ihv,1.0,0,0,0,1,1,1,1,0,0,0,0,0,0,0.0,0,0,0,0,0,0,1,False
t3_537ihv,2.0,0,0,0,1,1,1,1,0,0,0,0,0,0,0.0,0,0,0,0,0,0,1,False
t3_537ihv,5.0,0,0,0,1,1,1,1,0,0,0,0,0,0,0.0,0,0,0,0,0,0,1,False
t3_537ihv,10.0,0,0,0,1,1,1,1,0,0,0,0,0,0,0.0,0,0,0,0,0,0,1,False
t3_537ihv,20.0,0,0,0,1,1,1,1,0,0,0,0,0,0,0.0,0,0,0,0,0,0,1,False
t3_537ihv,30.0,0,0,0,1,1,1,1,0,0,0,0,0,0,0.0,0,0,0,0,0,0,1,False
t3_537ihv,40.0,0,0,0,1,1,1,1,0,0,0,0,0,0,0.0,0,0,0,0,0,0,1,False
t3_537ihv,50.0,0,0,0,1,1,1,1,0,0,0,0,0,0,0.0,0,0,0,0,0,0,1,False
t3_53b888,0.0,1,0,1,2,1,2,1,1.0,1.0,1.0,1,0,0,0.0,0,0,0,0,0,0,2,True
t3_53b888,1.0,1,1,1,2,1,2,1,0,0,0,0,0,0,0.0,0,0,0,0,0,0,2,True
t3_53b888,2.0,1,1,1,2,1,2,1,0,0,0,0,0,0,0.0,0,0,0,0,0,0,2,True
t3_53b888,5.0,1,1,1,2,1,2,1,0,0,0,0,0,0,0.0,0,0,0,0,0,0,2,True
t3_53b888,10.0,1,1,1,2,1,2,1,0,0,0,0,0,0,0.0,0,0,0,0,0,0,2,True
t3_53b888,20.0,1,1,1,2,1,2,1,0,0,0,0,0,0,0.0,0,0,0,0,0,0,2,True
t3_53b888,30.0,1,1,1,2,1,2,1,0,0,0,0,0,0,0.0,0,0,0,0,0,0,2,True
t3_53b888,40.0,1,1,1,2,1,2,1,0,0,0,0,0,0,0.0,0,0,0,0,0,0,2,True
t3_53b888,50.0,1,1,1,2,1,2,1,0,0,0,0,0,0,0.0,0,0,0,0,0,0,2,True
t3_53d7qx,0.0,3,0,1,3,2,2,1,0.5,1.0,0.3333333333333333,1,0,2,2.0,0,0,2,125,0,0,2,True
t3_53d7qx,1.0,3,2,2,3,2,2,2,0,0,0.0,0,0,1,1.0,0,0,1,177,0,0,3,True
t3_53d7qx,2.0,3,2,2,3,2,2,2,0,0,0.0,0,0,1,1.0,0,0,1,177,0,0,3,True
t3_53d7qx,5.0,3,2,2,3,2,2,2,0,0,0.0,0,0,1,1.0,0,0,1,177,0,0,3,True
t3_53d7qx,10.0,3,3,3,3,2,3,2,0,0,0,0,0,0,0.0,0,0,0,0,0,0,4,True
t3_53d7qx,20.0,3,3,3,3,2,3,2,0,0,0,0,0,0,0.0,0,0,0,0,0,0,4,True
t3_53d7qx,30.0,3,3,3,3,2,3,2,0,0,0,0,0,0,0.0,0,0,0,0,0,0,4,True
t3_53d7qx,40.0,3,3,3,3,2,3,2,0,0,0,0,0,0,0.0,0,0,0,0,0,0,4,True
t3_53d7qx,50.0,3,3,3,3,2,3,2,0,0,0,0,0,0,0.0,0,0,0,0,0,0,4,True
t3_53fysg,0.0,1,0,0,2,1,1,1,0,0,0.0,0,0,1,1.0,0,0,1,0,0,0,1,True
t3_53fysg,1.0,1,1,1,2,1,2,1,0,0,0,0,0,0,0.0,0,0,0,0,0,0,2,True
t3_53fysg,2.0,1,1,1,2,1,2,1,0,0,0,0,0,0,0.0,0,0,0,0,0,0,2,True
t3_53fysg,5.0,1,1,1,2,1,2,1,0,0,0,0,0,0,0.0,0,0,0,0,0,0,2,True
t3_53fysg,10.0,1,1,1,2,1,2,1,0,0,0,0,0,0,0.0,0,0,0,0,0,0,2,True
t3_53fysg,20.0,1,1,1,2,1,2,1,0,0,0,0,0,0,0.0,0,0,0,0,0,0,2,True
t3_53fysg,30.0,1,1,1,2,1,2,1,0,0,0,0,0,0,0.0,0,0,0,0,0,0,2,True
t3_53fysg,40.0,1,1,1,2,1,2,1,0,0,0,0,0,0,0.0,0,0,0,0,0,0,2,True
t3_53fysg,50.0,1,1,1,2,1,2,1,0,0,0,0,0,0,0.0,0,0,0,0,0,0,2,True
t3_53o3t3,0.0,6,0,3,4,4,2,3,0.6666666666666666,1.0,0.5,3,0,3,3.0,0,0,3,12132,0,0,4,True
t3_53o3t3,1.0,6,5,5,4,4,4,3,0,0,0.0,0,0,1,1.0,0,0,1,10940,0,0,6,True
t3_53o3t3,2.0,6,5,5,4,4,4,3,0,0,0.0,0,0,1,1.0,0,0,1,10940,0,0,6,True
t3_53o3t3,5.0,6,6,6,4,4,4,4,0,0,0,0,0,0,0.0,0,0,0,0,0,0,7,True
t3_53o3t3,10.0,6,6,6,4,4,4,4,0,0,0,0,0,0,0.0,0,0,0,0,0,0,7,True
t3_53o3t3,20.0,6,6,6,4,4,4,4,0,0,0,0,0,0,0.0,0,0,0,0,0,0,7,True
t3_53o3t3,30.0,6,6,6,4,4,4,4,0,0,0,0,0,0,0.0,0,0,0,0,0,0,7,True
t3_53o3t3,40.0,6,6,6,4,4,4,4,0,0,0,0,0,0,0.0,0,0,0,0,0,0,7,True
t3_53o3t3,50.0,6,6,6,4,4,4,4,0,0,0,0,0,0,0.0,0,0,0,0,0,0,7,True
t3_53oa1w,0.0,5,0,0,2,5,1,1,0,0,0.0,0,0,5,5.0,0,0,5,18917,0,0,1,True
t3_53oa1w,1.0,5,4,4,2,5,2,4,0,0,0.0,0,0,1,1.0,0,0,1,12733,0,0,5,True
t3_53oa1w,2.0,5,4,4,2,5,2,4,0,0,0.0,0,0,1,1.0,0,0,1,12733,0,0,5,True
t3_53oa1w,5.0,5,5,5,2,5,2,5,0,0,0,0,0,0,0.0,0,0,0,0,0,0,6,True
t3_53oa1w,10.0,5,5,5,2,5,2,5,0,0,0,0,0,0,0.0,0,0,0,0,0,0,6,True
t3_53oa1w,20.0,5,5,5,2,5,2,5,0,0,0,0,0,0,0.0,0,0,0,0,0,0,6,True
t3_53oa1w,30.0,5,5,5,2,5,2,5,0,0,0,0,0,0,0.0,0,0,0,0,0,0,6,True
t3_53oa1w,40.0,5,5,5,2,5,2,5,0,0,0,0,0,0,0.0,0,0,0,0,0,0,6,True
t3_53oa1w,50.0,5,5,5,2,5,2,5,0,0,0,0,0,0,0.0,0,0,0,0,0,0,6,True
t3_53os7k,0.0,2,0,3,2,2,2,3,0.8,0.6666666666666666,1.0,2,1,0,1.0,1,72.1647399496476,0,0,0,0,3,True
t3_53os7k,1.0,2,1,1,2,2,2,1,0,0,0.0,0,0,1,1.0,0,0,1,4658,0,0,2,True
t3_53os7k,2.0,2,2,2,2,2,2,2,0,0,0,0,0,0,0.0,0,0,0,0,0,0,3,True
t3_53os7k,5.0,2,2,2,2,2,2,2,0,0,0,0,0,0,0.0,0,0,0,0,0,0,3,True
t3_53os7k,10.0,2,2,2,2,2,2,2,0,0,0,0,0,0,0.0,0,0,0,0,0,0,3,True
t3_53os7k,20.0,2,2,2,2,2,2,2,0,0,0,0,0,0,0.0,0,0,0,0,0,0,3,True
t3_53os7k,30.0,2,2,2,2,2,2,2,0,0,0,0,0,0,0.0,0,0,0,0,0,0,3,True
t3_53os7k,40.0,2,2,2,2,2,2,2,0,0,0,0,0,0,0.0,0,0,0,0,0,0,3,True
t3_53os7k,50.0,2,2,2,2,2,2,2,0,0,0,0,0,0,0.0,0,0,0,0,0,0,3,True
t3_53pis6,0.0,4,0,2,2,4,2,2,0.6666666666666666,1.0,0.5,2,0,2,2.0,0,0,2,8297,0,0,3,True
t3_53pis6,1.0,4,3,3,2,4,2,3,0,0,0.0,0,0,1,1.0,0,0,1,6717,0,0,4,True
t3_53pis6,2.0,4,4,5,2,4,2,5,0,0.0,0,0,1,0,1.0,1,9014.901732626931,0,0,0,0,5,True
t3_53pis6,5.0,4,4,4,2,4,2,4,0,0,0,0,0,0,0.0,0,0,0,0,0,0,5,True
t3_53pis6,10.0,4,4,4,2,4,2,4,0,0,0,0,0,0,0.0,0,0,0,0,0,0,5,True
t3_53pis6,20.0,4,4,4,2,4,2,4,0,0,0,0,0,0,0.0,0,0,0,0,0,0,5,True
t3_53pis6,30.0,4,4,4,2,4,2,4,0,0,0,0,0,0,0.0,0,0,0,0,0,0,5,True
t3_53pis6,40.0,4,4,4,2,4,2,4,0,0,0,0,0,0,0.0,0,0,0,0,0,0,5,True
t3_53pis6,50.0,4,4,4,2,4,2,4,0,0,0,0,0,0,0.0,0,0,0,0,0,0,5,True
t3_53po9f,0.0,13,0,0,4,6,1,1,0,0,0.0,0,0,13,13.0,0,0,13,215515,0,0,1,True
t3_53po9f,1.0,13,8,8,4,6,3,6,0,0,0.0,0,0,5,5.0,0,0,5,106050,0,0,9,True
t3_53po9f,2.0,13,9,9,4,6,3,6,0,0,0.0,0,0,4,4.0,0,0,4,7653,0,0,10,True
t3_53po9f,5.0,13,9,9,4,6,3,6,0,0,0.0,0,0,4,4.0,0,0,4,7653,0,0,10,True
t3_53po9f,10.0,13,9,9,4,6,3,6,0,0,0.0,0,0,4,4.0,0,0,4,7653,0,0,10,True
t3_53po9f,20.0,13,13,13,4,6,4,6,0,0,0,0,0,0,0.0,0,0,0,0,0,0,14,True
t3_53po9f,30.0,13,13,13,4,6,4,6,0,0,0,0,0,0,0.0,0,0,0,0,0,0,14,True
t3_53po9f,40.0,13,13,13,4,6,4,6,0,0,0,0,0,0,0.0,0,0,0,0,0,0,14,True
t3_53po9f,50.0,13,13,13,4,6,4,6,0,0,0,0,0,0,0.0,0,0,0,0,0,0,14,True
t3_53qxsc,0.0,0,0,2,1,1,2,2,0,0.0,0,0,2,0,2.0,2,360.7375830468271,0,0,0,0,1,True
t3_53qxsc,1.0,0,0,0,1,1,1,1,0,0,0,0,0,0,0.0,0,0,0,0,0,0,1,True
t3_53qxsc,2.0,0,0,0,1,1,1,1,0,0,0,0,0,0,0.0,0,0,0,0,0,0,1,True
t3_53qxsc,5.0,0,0,0,1,1,1,1,0,0,0,0,0,0,0.0,0,0,0,0,0,0,1,True
t3_53qxsc,10.0,0,0,0,1,1,1,1,0,0,0,0,0,0,0.0,0,0,0,0,0,0,1,True
t3_53qxsc,20.0,0,0,0,1,1,1,1,0,0,0,0,0,0,0.0,0,0,0,0,0,0,1,True
t3_53qxsc,30.0,0,0,0,1,1,1,1,0,0,0,0,0,0,0.0,0,0,0,0,0,0,1,True
t3_53qxsc,40.0,0,0,0,1,1,1,1,0,0,0,0,0,0,0.0,0,0,0,0,0,0,1,True
t3_53qxsc,50.0,0,0,0,1,1,1,1,0,0,0,0,0,0,0.0,0,0,0,0,0,0,1,True
t3_53u4a5,0.0,5,0,1,3,4,2,1,0.33333333333333337,1.0,0.2,1,0,4,4.0,0,0,4,21169,0,0,2,False
t3_53u4a5,1.0,5,4,4,3,4,3,3,0,0,0.0,0,0,1,1.0,0,0,1,19353,0,0,5,False
t3_53u4a5,2.0,5,4,4,3,4,3,3,0,0,0.0,0,0,1,1.0,0,0,1,19353,0,0,5,False
t3_53u4a5,5.0,5,4,4,3,4,3,3,0,0,0.0,0,0,1,1.0,0,0,1,19353,0,0,5,False
t3_53u4a5,10.0,5,5,5,3,4,3,4,0,0,0,0,0,0,0.0,0,0,0,0,0,0,6,False
t3_53u4a5,20.0,5,5,6,3,4,3,5,0,0.0,0,0,1,0,1.0,1,207822.7081587789,0,0,0,0,6,False
t3_53u4a5,30.0,5,5,5,3,4,3,4,0,0,0,0,0,0,0.0,0,0,0,0,0,0,6,False
t3_53u4a5,40.0,5,5,5,3,4,3,4,0,0,0,0,0,0,0.0,0,0,0,0,0,0,6,False
t3_53u4a5,50.0,5,5,5,3,4,3,4,0,0,0,0,0,0,0.0,0,0,0,0,0,0,6,False
t3_53vafz,0.0,103,0,1,7,26,2,1,0.01923076923076923,1.0,0.009708737864077669,1,0,102,102.0,0,0,102,5142107,0,0,2,True
t3_53vafz,1.0,103,1,1,7,26,2,1,0,0,0.0,0,0,102,102.0,0,0,102,5142107,0,0,2,True
t3_53vafz,2.0,103,8,8,7,26,4,4,0,0,0.0,0,0,63,95.0,0,0,63,3954787,0,0,9,True
t3_53vafz,5.0,103,14,14,7,26,4,6,0,0,0.0,0,0,74,89.0,0,0,74,4068371,0,0,15,True
t3_53vafz,10.0,103,55,55,7,26,7,21,0,0,0.0,0,0,48,48.0,0,0,48,2988120,0,0,56,True
t3_53vafz,20.0,103,91,92,7,26,7,24,0,0.0,0.0,0,1,12,13.0,1,78786.01254253836,12,1345081,0,0,92,True
t3_53vafz,30.0,103,94,94,7,26,7,24,0,0,0.0,0,0,9,9.0,0,0,9,1227078,0,0,95,True
t3_53vafz,40.0,103,98,98,7,26,7,25,0,0,0.0,0,0,5,5.0,0,0,5,853372,0,0,99,True
t3_53vafz,50.0,103,98,99,7,26,7,25,0,0.0,0.0,0,1,5,6.0,1,228113.08753739597,5,853372,0,0,99,True
t3_53xjk0,0.0,28,0,1,8,7,2,1,0.07407407407407407,1.0,0.038461538461538464,1,0,25,27.0,0,0,25,1124395,0,0,2,True
t3_53xjk0,1.0,28,2,2,8,7,2,2,0,0,0.0,0,0,24,26.0,0,0,24,1059699,0,0,3,True
t3_53xjk0,2.0,28,2,2,8,7,2,2,0,0,0.0,0,0,24,26.0,0,0,24,1059699,0,0,3,True
t3_53xjk0,5.0,28,4,4,8,7,3,2,0,0,0.0,0,0,22,24.0,0,0,22,957827,0,0,5,True
t3_53xjk0,10.0,28,8,8,8,7,5,3,0,0,0.0,0,0,20,20.0,0,0,20,802712,0,0,9,True
t3_53xjk0,20.0,28,25,27,8,7,8,8,0.4,0.5,0.3333333333333333,1,1,2,3.0,1,25,2,181810,0,0,27,True
t3_53xjk0,30.0,28,28,30,8,7,8,7,0,0.0,0,0,2,0,2.0,2,1213272.0251254465,0,0,0,0,29,True
t3_53xjk0,40.0,28,28,30,8,7,8,7,0,0.0,0,0,2,0,2.0,2,1169710.5061639943,0,0,0,0,29,True
t3_53xjk0,50.0,28,28,32,8,7,8,8,0,0.0,0,0,4,0,4.0,4,2178063.7229492576,0,0,0,0,29,True
t3_53xru5,0.0,7,0,5,3,4,3,4,0.6666666666666666,0.8,0.5714285714285714,4,1,3,4.0,1,87.0398409807221,3,407,0,0,5,True
t3_53xru5,1.0,7,6,6,3,4,3,4,0,0,0.0,0,0,1,1.0,0,0,1,6913,0,0,7,True
t3_53xru5,2.0,7,7,7,3,4,3,4,0,0,0,0,0,0,0.0,0,0,0,0,0,0,8,True
t3_53xru5,5.0,7,7,7,3,4,3,4,0,0,0,0,0,0,0.0,0,0,0,0,0,0,8,True
t3_53xru5,10.0,7,7,7,3,4,3,4,0,0,0,0,0,0,0.0,0,0,0,0,0,0,8,True
t3_53xru5,20.0,7,7,7,3,4,3,4,0,0,0,0,0,0,0.0,0,0,0,0,0,0,8,True
t3_53xru5,30.0,7,7,7,3,4,3,4,0,0,0,0,0,0,0.0,0,0,0,0,0,0,8,True
t3_53xru5,40.0,7,7,7,3,4,3,4,0,0,0,0,0,0,0.0,0,0,0,0,0,0,8,True
t3_53xru5,50.0,7,7,7,3,4,3,4,0,0,0,0,0,0,0.0,0,0,0,0,0,0,8,True
t3_53yl6n,0.0,1,0,0,2,1,1,1,0,0,0.0,0,0,1,1.0,0,0,1,0,0,0,1,True
t3_53yl6n,1.0,1,1,1,2,1,2,1,0,0,0,0,0,0,0.0,0,0,0,0,0,0,2,True
t3_53yl6n,2.0,1,1,1,2,1,2,1,0,0,0,0,0,0,0.0,0,0,0,0,0,0,2,True
t3_53yl6n,5.0,1,1,1,2,1,2,1,0,0,0,0,0,0,0.0,0,0,0,0,0,0,2,True
t3_53yl6n,10.0,1,1,1,2,1,2,1,0,0,0,0,0,0,0.0,0,0,0,0,0,0,2,True
t3_53yl6n,20.0,1,1,1,2,1,2,1,0,0,0,0,0,0,0.0,0,0,0,0,0,0,2,True
t3_53yl6n,30.0,1,1,1,2,1,2,1,0,0,0,0,0,0,0.0,0,0,0,0,0,0,2,True
t3_53yl6n,40.0,1,1,1,2,1,2,1,0,0,0,0,0,0,0.0,0,0,0,0,0,0,2,True
t3_53yl6n,50.0,1,1,1,2,1,2,1,0,0,0,0,0,0,0.0,0,0,0,0,0,0,2,True
t3_53zg8n,0.0,11,0,1,5,4,2,1,0.16666666666666669,1.0,0.09090909090909091,1,0,10,10.0,0,0,10,23070,0,0,2,True
t3_53zg8n,1.0,11,9,9,5,4,5,3,0,0,0.0,0,0,2,2.0,0,0,2,6687,0,0,10,True
t3_53zg8n,2.0,11,10,10,5,4,5,4,0,0,0.0,0,0,1,1.0,0,0,1,2946,0,0,11,True
t3_53zg8n,5.0,11,11,11,5,4,5,4,0,0,0,0,0,0,0.0,0,0,0,0,0,0,12,True
t3_53zg8n,10.0,11,11,11,5,4,5,4,0,0,0,0,0,0,0.0,0,0,0,0,0,0,12,True
t3_53zg8n,20.0,11,11,11,5,4,5,4,0,0,0,0,0,0,0.0,0,0,0,0,0,0,12,True
t3_53zg8n,30.0,11,11,11,5,4,5,4,0,0,0,0,0,0,0.0,0,0,0,0,0,0,12,True
t3_53zg8n,40.0,11,11,11,5,4,5,4,0,0,0,0,0,0,0.0,0,0,0,0,0,0,12,True
t3_53zg8n,50.0,11,11,11,5,4,5,4,0,0,0,0,0,0,0.0,0,0,0,0,0,0,12,True
t3_53zw6a,0.0,2,0,0,2,2,1,1,0,0,0.0,0,0,2,2.0,0,0,2,471,0,0,1,True
t3_53zw6a,1.0,2,2,2,2,2,2,2,0,0,0,0,0,0,0.0,0,0,0,0,0,0,3,True
t3_53zw6a,2.0,2,2,2,2,2,2,2,0,0,0,0,0,0,0.0,0,0,0,0,0,0,3,True
t3_53zw6a,5.0,2,2,2,2,2,2,2,0,0,0,0,0,0,0.0,0,0,0,0,0,0,3,True
t3_53zw6a,10.0,2,2,2,2,2,2,2,0,0,0,0,0,0,0.0,0,0,0,0,0,0,3,True
t3_53zw6a,20.0,2,2,2,2,2,2,2,0,0,0,0,0,0,0.0,0,0,0,0,0,0,3,True
t3_53zw6a,30.0,2,2,2,2,2,2,2,0,0,0,0,0,0,0.0,0,0,0,0,0,0,3,True
t3_53zw6a,40.0,2,2,2,2,2,2,2,0,0,0,0,0,0,0.0,0,0,0,0,0,0,3,True
t3_53zw6a,50.0,2,2,2,2,2,2,2,0,0,0,0,0,0,0.0,0,0,0,0,0,0,3,True
t3_542ez5,0.0,1,0,0,2,1,1,1,0,0,0.0,0,0,1,1.0,0,0,1,0,0,0,1,False
t3_542ez5,1.0,1,1,1,2,1,2,1,0,0,0,0,0,0,0.0,0,0,0,0,0,0,2,False
t3_542ez5,2.0,1,1,1,2,1,2,1,0,0,0,0,0,0,0.0,0,0,0,0,0,0,2,False
t3_542ez5,5.0,1,1,1,2,1,2,1,0,0,0,0,0,0,0.0,0,0,0,0,0,0,2,False
t3_542ez5,10.0,1,1,1,2,1,2,1,0,0,0,0,0,0,0.0,0,0,0,0,0,0,2,False
t3_542ez5,20.0,1,1,1,2,1,2,1,0,0,0,0,0,0,0.0,0,0,0,0,0,0,2,False
t3_542ez5,30.0,1,1,1,2,1,2,1,0,0,0,0,0,0,0.0,0,0,0,0,0,0,2,False
t3_542ez5,40.0,1,1,1,2,1,2,1,0,0,0,0,0,0,0.0,0,0,0,0,0,0,2,False
t3_542ez5,50.0,1,1,1,2,1,2,1,0,0,0,0,0,0,0.0,0,0,0,0,0,0,2,False
t3_54dlbx,0.0,5,0,3,2,5,2,3,0.7499999999999999,1.0,0.6,3,0,2,2.0,0,0,2,21150,0,0,4,False
t3_54dlbx,1.0,5,3,3,2,5,2,3,0,0,0.0,0,0,2,2.0,0,0,2,21150,0,0,4,False
t3_54dlbx,2.0,5,4,4,2,5,2,4,0,0,0.0,0,0,1,1.0,0,0,1,16183,0,0,5,False
t3_54dlbx,5.0,5,5,5,2,5,2,5,0,0,0,0,0,0,0.0,0,0,0,0,0,0,6,False
t3_54dlbx,10.0,5,5,5,2,5,2,5,0,0,0,0,0,0,0.0,0,0,0,0,0,0,6,False
t3_54dlbx,20.0,5,5,5,2,5,2,5,0,0,0,0,0,0,0.0,0,0,0,0,0,0,6,False
t3_54dlbx,30.0,5,5,5,2,5,2,5,0,0,0,0,0,0,0.0,0,0,0,0,0,0,6,False
t3_54dlbx,40.0,5,5,5,2,5,2,5,0,0,0,0,0,0,0.0,0,0,0,0,0,0,6,False
t3_54dlbx,50.0,5,5,5,2,5,2,5,0,0,0,0,0,0,0.0,0,0,0,0,0,0,6,False
t3_54gemu,0.0,5,0,0,4,3,1,1,0,0,0.0,0,0,5,5.0,0,0,5,30965,0,0,1,True
t3_54gemu,1.0,5,1,1,4,3,2,1,0,0,0.0,0,0,3,4.0,0,0,3,13535,0,0,2,True
t3_54gemu,2.0,5,2,2,4,3,2,2,0,0,0.0,0,0,3,3.0,0,0,3,25393,0,0,3,True
t3_54gemu,5.0,5,5,6,4,3,4,3,0,0.0,0,0,1,0,1.0,1,496644.4582960936,0,0,0,0,6,True
t3_54gemu,10.0,5,5,5,4,3,4,3,0,0,0,0,0,0,0.0,0,0,0,0,0,0,6,True
t3_54gemu,20.0,5,5,5,4,3,4,3,0,0,0,0,0,0,0.0,0,0,0,0,0,0,6,True
t3_54gemu,30.0,5,5,5,4,3,4,3,0,0,0,0,0,0,0.0,0,0,0,0,0,0,6,True
t3_54gemu,40.0,5,5,5,4,3,4,3,0,0,0,0,0,0,0.0,0,0,0,0,0,0,6,True
t3_54gemu,50.0,5,5,5,4,3,4,3,0,0,0,0,0,0,0.0,0,0,0,0,0,0,6,True
t3_54gqri,0.0,4,0,0,3,2,1,1,0,0,0.0,0,0,4,4.0,0,0,4,11330,0,0,1,True
t3_54gqri,1.0,4,2,2,3,2,3,1,0,0,0.0,0,0,2,2.0,0,0,2,11232,0,0,3,True
t3_54gqri,2.0,4,4,4,3,2,3,2,0,0,0,0,0,0,0.0,0,0,0,0,0,0,5,True
t3_54gqri,5.0,4,4,4,3,2,3,2,0,0,0,0,0,0,0.0,0,0,0,0,0,0,5,True
t3_54gqri,10.0,4,4,4,3,2,3,2,0,0,0,0,0,0,0.0,0,0,0,0,0,0,5,True
t3_54gqri,20.0,4,4,4,3,2,3,2,0,0,0,0,0,0,0.0,0,0,0,0,0,0,5,True
t3_54gqri,30.0,4,4,4,3,2,3,2,0,0,0,0,0,0,0.0,0,0,0,0,0,0,5,True
t3_54gqri,40.0,4,4,4,3,2,3,2,0,0,0,0,0,0,0.0,0,0,0,0,0,0,5,True
t3_54gqri,50.0,4,4,4,3,2,3,2,0,0,0,0,0,0,0.0,0,0,0,0,0,0,5,True
t3_54lthm,0.0,0,0,0,1,1,1,1,0,0,0,0,0,0,0.0,0,0,0,0,0,0,1,True
t3_54lthm,1.0,0,0,0,1,1,1,1,0,0,0,0,0,0,0.0,0,0,0,0,0,0,1,True
t3_54lthm,2.0,0,0,0,1,1,1,1,0,0,0,0,0,0,0.0,0,0,0,0,0,0,1,True
t3_54lthm,5.0,0,0,0,1,1,1,1,0,0,0,0,0,0,0.0,0,0,0,0,0,0,1,True
t3_54lthm,10.0,0,0,0,1,1,1,1,0,0,0,0,0,0,0.0,0,0,0,0,0,0,1,True
t3_54lthm,20.0,0,0,0,1,1,1,1,0,0,0,0,0,0,0.0,0,0,0,0,0,0,1,True
t3_54lthm,30.0,0,0,0,1,1,1,1,0,0,0,0,0,0,0.0,0,0,0,0,0,0,1,True
t3_54lthm,40.0,0,0,0,1,1,1,1,0,0,0,0,0,0,0.0,0,0,0,0,0,0,1,True
t3_54lthm,50.0,0,0,0,1,1,1,1,0,0,0,0,0,0,0.0,0,0,0,0,0,0,1,True
t3_54lvlz,0.0,1,0,5,2,1,2,5,0.33333333333333337,0.2,1.0,1,4,0,4.0,4,1190.131392377375,0,0,0,0,2,False
t3_54lvlz,1.0,1,1,1,2,1,2,1,0,0,0,0,0,0,0.0,0,0,0,0,0,0,2,False
t3_54lvlz,2.0,1,1,1,2,1,2,1,0,0,0,0,0,0,0.0,0,0,0,0,0,0,2,False
t3_54lvlz,5.0,1,1,1,2,1,2,1,0,0,0,0,0,0,0.0,0,0,0,0,0,0,2,False
t3_54lvlz,10.0,1,1,1,2,1,2,1,0,0,0,0,0,0,0.0,0,0,0,0,0,0,2,False
t3_54lvlz,20.0,1,1,1,2,1,2,1,0,0,0,0,0,0,0.0,0,0,0,0,0,0,2,False
t3_54lvlz,30.0,1,1,1,2,1,2,1,0,0,0,0,0,0,0.0,0,0,0,0,0,0,2,False
t3_54lvlz,40.0,1,1,1,2,1,2,1,0,0,0,0,0,0,0.0,0,0,0,0,0,0,2,False
t3_54lvlz,50.0,1,1,1,2,1,2,1,0,0,0,0,0,0,0.0,0,0,0,0,0,0,2,False
t3_54n29w,0.0,4,0,0,2,4,1,1,0,0,0.0,0,0,4,4.0,0,0,4,14893,0,0,1,True
t3_54n29w,1.0,4,1,1,2,4,2,1,0,0,0.0,0,0,3,3.0,0,0,3,14893,0,0,2,True
t3_54n29w,2.0,4,4,4,2,4,2,4,0,0,0,0,0,0,0.0,0,0,0,0,0,0,5,True
t3_54n29w,5.0,4,4,4,2,4,2,4,0,0,0,0,0,0,0.0,0,0,0,0,0,0,5,True
t3_54n29w,10.0,4,4,4,2,4,2,4,0,0,0,0,0,0,0.0,0,0,0,0,0,0,5,True
t3_54n29w,20.0,4,4,4,2,4,2,4,0,0,0,0,0,0,0.0,0,0,0,0,0,0,5,True
t3_54n29w,30.0,4,4,4,2,4,2,4,0,0,0,0,0,0,0.0,0,0,0,0,0,0,5,True
t3_54n29w,40.0,4,4,4,2,4,2,4,0,0,0,0,0,0,0.0,0,0,0,0,0,0,5,True
t3_54n29w,50.0,4,4,4,2,4,2,4,0,0,0,0,0,0,0.0,0,0,0,0,0,0,5,True
t3_54nic1,0.0,19,0,0,7,6,1,1,0,0,0.0,0,0,19,19.0,0,0,19,183986,0,0,1,True
t3_54nic1,1.0,19,5,5,7,6,3,3,0,0,0.0,0,0,10,14.0,0,0,10,109196,0,0,6,True
t3_54nic1,2.0,19,12,13,7,6,7,4,0.25,1.0,0.14285714285714285,1,0,6,6.0,0,0,6,88618,0,0,14,True
t3_54nic1,5.0,19,17,17,7,6,7,5,0,0,0.0,0,0,2,2.0,0,0,2,21586,0,0,18,True
t3_54nic1,10.0,19,18,18,7,6,7,5,0,0,0.0,0,0,1,1.0,0,0,1,11750,0,0,19,True
t3_54nic1,20.0,19,19,19,7,6,7,6,0,0,0,0,0,0,0.0,0,0,0,0,0,0,20,True
t3_54nic1,30.0,19,19,19,7,6,7,6,0,0,0,0,0,0,0.0,0,0,0,0,0,0,20,True
t3_54nic1,40.0,19,19,19,7,6,7,6,0,0,0,0,0,0,0.0,0,0,0,0,0,0,20,True
t3_54nic1,50.0,19,19,19,7,6,7,6,0,0,0,0,0,0,0.0,0,0,0,0,0,0,20,True
t3_54nzb4,0.0,1,0,0,2,1,1,1,0,0,0.0,0,0,1,1.0,0,0,1,0,0,0,1,False
t3_54nzb4,1.0,1,1,1,2,1,2,1,0,0,0,0,0,0,0.0,0,0,0,0,0,0,2,False
t3_54nzb4,2.0,1,1,1,2,1,2,1,0,0,0,0,0,0,0.0,0,0,0,0,0,0,2,False
t3_54nzb4,5.0,1,1,1,2,1,2,1,0,0,0,0,0,0,0.0,0,0,0,0,0,0,2,False
t3_54nzb4,10.0,1,1,1,2,1,2,1,0,0,0,0,0,0,0.0,0,0,0,0,0,0,2,False
t3_54nzb4,20.0,1,1,1,2,1,2,1,0,0,0,0,0,0,0.0,0,0,0,0,0,0,2,False
t3_54nzb4,30.0,1,1,1,2,1,2,1,0,0,0,0,0,0,0.0,0,0,0,0,0,0,2,False
t3_54nzb4,40.0,1,1,1,2,1,2,1,0,0,0,0,0,0,0.0,0,0,0,0,0,0,2,False
t3_54nzb4,50.0,1,1,1,2,1,2,1,0,0,0,0,0,0,0.0,0,0,0,0,0,0,2,False
t3_54our0,0.0,1,0,1,2,1,2,1,1.0,1.0,1.0,1,0,0,0.0,0,0,0,0,0,0,2,True
t3_54our0,1.0,1,1,1,2,1,2,1,0,0,0,0,0,0,0.0,0,0,0,0,0,0,2,True
t3_54our0,2.0,1,1,1,2,1,2,1,0,0,0,0,0,0,0.0,0,0,0,0,0,0,2,True
t3_54our0,5.0,1,1,1,2,1,2,1,0,0,0,0,0,0,0.0,0,0,0,0,0,0,2,True
t3_54our0,10.0,1,1,1,2,1,2,1,0,0,0,0,0,0,0.0,0,0,0,0,0,0,2,True
t3_54our0,20.0,1,1,1,2,1,2,1,0,0,0,0,0,0,0.0,0,0,0,0,0,0,2,True
t3_54our0,30.0,1,1,1,2,1,2,1,0,0,0,0,0,0,0.0,0,0,0,0,0,0,2,True
t3_54our0,40.0,1,1,1,2,1,2,1,0,0,0,0,0,0,0.0,0,0,0,0,0,0,2,True
t3_54our0,50.0,1,1,1,2,1,2,1,0,0,0,0,0,0,0.0,0,0,0,0,0,0,2,True
t3_54qdrs,0.0,12,0,1,6,4,2,1,0.15384615384615385,1.0,0.08333333333333333,1,0,11,11.0,0,0,11,15351,0,0,2,False
t3_54qdrs,1.0,12,11,11,6,4,6,4,0,0,0.0,0,0,1,1.0,0,0,1,5800,0,0,12,False
t3_54qdrs,2.0,12,12,12,6,4,6,4,0,0,0,0,0,0,0.0,0,0,0,0,0,0,13,False
t3_54qdrs,5.0,12,12,12,6,4,6,4,0,0,0,0,0,0,0.0,0,0,0,0,0,0,13,False
t3_54qdrs,10.0,12,12,12,6,4,6,4,0,0,0,0,0,0,0.0,0,0,0,0,0,0,13,False
t3_54qdrs,20.0,12,12,12,6,4,6,4,0,0,0,0,0,0,0.0,0,0,0,0,0,0,13,False
t3_54qdrs,30.0,12,12,12,6,4,6,4,0,0,0,0,0,0,0.0,0,0,0,0,0,0,13,False
t3_54qdrs,40.0,12,12,12,6,4,6,4,0,0,0,0,0,0,0.0,0,0,0,0,0,0,13,False
t3_54qdrs,50.0,12,12,12,6,4,6,4,0,0,0,0,0,0,0.0,0,0,0,0,0,0,13,False
t3_54rmsx,0.0,3,0,0,3,2,1,1,0,0,0.0,0,0,3,3.0,0,0,3,28290,0,0,1,True
t3_54rmsx,1.0,3,1,1,3,2,2,1,0,0,0.0,0,0,2,2.0,0,0,2,210,0,0,2,True
t3_54rmsx,2.0,3,1,1,3,2,2,1,0,0,0.0,0,0,2,2.0,0,0,2,210,0,0,2,True
t3_54rmsx,5.0,3,3,3,3,2,3,2,0,0,0,0,0,0,0.0,0,0,0,0,0,0,4,True
t3_54rmsx,10.0,3,3,3,3,2,3,2,0,0,0,0,0,0,0.0,0,0,0,0,0,0,4,True
t3_54rmsx,20.0,3,3,3,3,2,3,2,0,0,0,0,0,0,0.0,0,0,0,0,0,0,4,True
t3_54rmsx,30.0,3,3,3,3,2,3,2,0,0,0,0,0,0,0.0,0,0,0,0,0,0,4,True
t3_54rmsx,40.0,3,3,3,3,2,3,2,0,0,0,0,0,0,0.0,0,0,0,0,0,0,4,True
t3_54rmsx,50.0,3,3,3,3,2,3,2,0,0,0,0,0,0,0.0,0,0,0,0,0,0,4,True
t3_54t6os,0.0,7,0,0,2,7,1,1,0,0,0.0,0,0,7,7.0,0,0,7,6041,0,0,1,True
t3_54t6os,1.0,7,7,7,2,7,2,7,0,0,0,0,0,0,0.0,0,0,0,0,0,0,8,True
t3_54t6os,2.0,7,7,7,2,7,2,7,0,0,0,0,0,0,0.0,0,0,0,0,0,0,8,True
t3_54t6os,5.0,7,7,7,2,7,2,7,0,0,0,0,0,0,0.0,0,0,0,0,0,0,8,True
t3_54t6os,10.0,7,7,7,2,7,2,7,0,0,0,0,0,0,0.0,0,0,0,0,0,0,8,True
t3_54t6os,20.0,7,7,7,2,7,2,7,0,0,0,0,0,0,0.0,0,0,0,0,0,0,8,True
t3_54t6os,30.0,7,7,7,2,7,2,7,0,0,0,0,0,0,0.0,0,0,0,0,0,0,8,True
t3_54t6os,40.0,7,7,7,2,7,2,7,0,0,0,0,0,0,0.0,0,0,0,0,0,0,8,True
t3_54t6os,50.0,7,7,7,2,7,2,7,0,0,0,0,0,0,0.0,0,0,0,0,0,0,8,True
t3_54tfoc,0.0,2,0,2,3,1,2,2,0.5,0.5,0.5,1,1,1,2.0,1,94.90016802302748,1,0,0,0,2,True
t3_54tfoc,1.0,2,2,2,3,1,3,1,0,0,0,0,0,0,0.0,0,0,0,0,0,0,3,True
t3_54tfoc,2.0,2,2,2,3,1,3,1,0,0,0,0,0,0,0.0,0,0,0,0,0,0,3,True
t3_54tfoc,5.0,2,2,2,3,1,3,1,0,0,0,0,0,0,0.0,0,0,0,0,0,0,3,True
t3_54tfoc,10.0,2,2,2,3,1,3,1,0,0,0,0,0,0,0.0,0,0,0,0,0,0,3,True
t3_54tfoc,20.0,2,2,2,3,1,3,1,0,0,0,0,0,0,0.0,0,0,0,0,0,0,3,True
t3_54tfoc,30.0,2,2,2,3,1,3,1,0,0,0,0,0,0,0.0,0,0,0,0,0,0,3,True
t3_54tfoc,40.0,2,2,2,3,1,3,1,0,0,0,0,0,0,0.0,0,0,0,0,0,0,3,True
t3_54tfoc,50.0,2,2,2,3,1,3,1,0,0,0,0,0,0,0.0,0,0,0,0,0,0,3,True
t3_54usmt,0.0,1,0,0,2,1,1,1,0,0,0.0,0,0,1,1.0,0,0,1,0,0,0,1,True
t3_54usmt,1.0,1,1,1,2,1,2,1,0,0,0,0,0,0,0.0,0,0,0,0,0,0,2,True
t3_54usmt,2.0,1,1,1,2,1,2,1,0,0,0,0,0,0,0.0,0,0,0,0,0,0,2,True
t3_54usmt,5.0,1,1,1,2,1,2,1,0,0,0,0,0,0,0.0,0,0,0,0,0,0,2,True
t3_54usmt,10.0,1,1,1,2,1,2,1,0,0,0,0,0,0,0.0,0,0,0,0,0,0,2,True
t3_54usmt,20.0,1,1,1,2,1,2,1,0,0,0,0,0,0,0.0,0,0,0,0,0,0,2,True
t3_54usmt,30.0,1,1,1,2,1,2,1,0,0,0,0,0,0,0.0,0,0,0,0,0,0,2,True
t3_54usmt,40.0,1,1,1,2,1,2,1,0,0,0,0,0,0,0.0,0,0,0,0,0,0,2,True
t3_54usmt,50.0,1,1,1,2,1,2,1,0,0,0,0,0,0,0.0,0,0,0,0,0,0,2,True
t3_54v3gi,0.0,1,0,0,2,1,1,1,0,0,0.0,0,0,1,1.0,0,0,1,0,0,0,1,True
t3_54v3gi,1.0,1,1,1,2,1,2,1,0,0,0,0,0,0,0.0,0,0,0,0,0,0,2,True
t3_54v3gi,2.0,1,1,1,2,1,2,1,0,0,0,0,0,0,0.0,0,0,0,0,0,0,2,True
t3_54v3gi,5.0,1,1,1,2,1,2,1,0,0,0,0,0,0,0.0,0,0,0,0,0,0,2,True
t3_54v3gi,10.0,1,1,1,2,1,2,1,0,0,0,0,0,0,0.0,0,0,0,0,0,0,2,True
t3_54v3gi,20.0,1,1,1,2,1,2,1,0,0,0,0,0,0,0.0,0,0,0,0,0,0,2,True
t3_54v3gi,30.0,1,1,1,2,1,2,1,0,0,0,0,0,0,0.0,0,0,0,0,0,0,2,True
t3_54v3gi,40.0,1,1,1,2,1,2,1,0,0,0,0,0,0,0.0,0,0,0,0,0,0,2,True
t3_54v3gi,50.0,1,1,1,2,1,2,1,0,0,0,0,0,0,0.0,0,0,0,0,0,0,2,True
t3_54xzzm,0.0,2,0,0,2,2,1,1,0,0,0.0,0,0,2,2.0,0,0,2,1389,0,0,1,False
t3_54xzzm,1.0,2,2,2,2,2,2,2,0,0,0,0,0,0,0.0,0,0,0,0,0,0,3,False
t3_54xzzm,2.0,2,2,2,2,2,2,2,0,0,0,0,0,0,0.0,0,0,0,0,0,0,3,False
t3_54xzzm,5.0,2,2,2,2,2,2,2,0,0,0,0,0,0,0.0,0,0,0,0,0,0,3,False
t3_54xzzm,10.0,2,2,2,2,2,2,2,0,0,0,0,0,0,0.0,0,0,0,0,0,0,3,False
t3_54xzzm,20.0,2,2,2,2,2,2,2,0,0,0,0,0,0,0.0,0,0,0,0,0,0,3,False
t3_54xzzm,30.0,2,2,2,2,2,2,2,0,0,0,0,0,0,0.0,0,0,0,0,0,0,3,False
t3_54xzzm,40.0,2,2,2,2,2,2,2,0,0,0,0,0,0,0.0,0,0,0,0,0,0,3,False
t3_54xzzm,50.0,2,2,2,2,2,2,2,0,0,0,0,0,0,0.0,0,0,0,0,0,0,3,False
t3_54zpxb,0.0,0,0,3,1,1,2,3,0,0.0,0,0,3,0,3.0,3,1083.8894226179625,0,0,0,0,1,False
t3_54zpxb,1.0,0,0,0,1,1,1,1,0,0,0,0,0,0,0.0,0,0,0,0,0,0,1,False
t3_54zpxb,2.0,0,0,0,1,1,1,1,0,0,0,0,0,0,0.0,0,0,0,0,0,0,1,False
t3_54zpxb,5.0,0,0,0,1,1,1,1,0,0,0,0,0,0,0.0,0,0,0,0,0,0,1,False
t3_54zpxb,10.0,0,0,0,1,1,1,1,0,0,0,0,0,0,0.0,0,0,0,0,0,0,1,False
t3_54zpxb,20.0,0,0,0,1,1,1,1,0,0,0,0,0,0,0.0,0,0,0,0,0,0,1,False
t3_54zpxb,30.0,0,0,0,1,1,1,1,0,0,0,0,0,0,0.0,0,0,0,0,0,0,1,False
t3_54zpxb,40.0,0,0,0,1,1,1,1,0,0,0,0,0,0,0.0,0,0,0,0,0,0,1,False
t3_54zpxb,50.0,0,0,0,1,1,1,1,0,0,0,0,0,0,0.0,0,0,0,0,0,0,1,False
t3_550dd6,0.0,1,0,2,2,1,2,2,0.6666666666666666,0.5,1.0,1,1,0,1.0,1,4.479285208638487,0,0,0,0,2,False
t3_550dd6,1.0,1,1,1,2,1,2,1,0,0,0,0,0,0,0.0,0,0,0,0,0,0,2,False
t3_550dd6,2.0,1,1,1,2,1,2,1,0,0,0,0,0,0,0.0,0,0,0,0,0,0,2,False
t3_550dd6,5.0,1,1,1,2,1,2,1,0,0,0,0,0,0,0.0,0,0,0,0,0,0,2,False
t3_550dd6,10.0,1,1,1,2,1,2,1,0,0,0,0,0,0,0.0,0,0,0,0,0,0,2,False
t3_550dd6,20.0,1,1,1,2,1,2,1,0,0,0,0,0,0,0.0,0,0,0,0,0,0,2,False
t3_550dd6,30.0,1,1,1,2,1,2,1,0,0,0,0,0,0,0.0,0,0,0,0,0,0,2,False
t3_550dd6,40.0,1,1,1,2,1,2,1,0,0,0,0,0,0,0.0,0,0,0,0,0,0,2,False
t3_550dd6,50.0,1,1,1,2,1,2,1,0,0,0,0,0,0,0.0,0,0,0,0,0,0,2,False
t3_552snc,0.0,3,0,1,3,2,2,1,0.5,1.0,0.3333333333333333,1,0,2,2.0,0,0,2,44,0,0,2,False
t3_552snc,1.0,3,3,3,3,2,3,2,0,0,0,0,0,0,0.0,0,0,0,0,0,0,4,False
t3_552snc,2.0,3,3,3,3,2,3,2,0,0,0,0,0,0,0.0,0,0,0,0,0,0,4,False
t3_552snc,5.0,3,3,3,3,2,3,2,0,0,0,0,0,0,0.0,0,0,0,0,0,0,4,False
t3_552snc,10.0,3,3,3,3,2,3,2,0,0,0,0,0,0,0.0,0,0,0,0,0,0,4,False
t3_552snc,20.0,3,3,3,3,2,3,2,0,0,0,0,0,0,0.0,0,0,0,0,0,0,4,False
t3_552snc,30.0,3,3,3,3,2,3,2,0,0,0,0,0,0,0.0,0,0,0,0,0,0,4,False
t3_552snc,40.0,3,3,3,3,2,3,2,0,0,0,0,0,0,0.0,0,0,0,0,0,0,4,False
t3_552snc,50.0,3,3,3,3,2,3,2,0,0,0,0,0,0,0.0,0,0,0,0,0,0,4,False
t3_5557gs,0.0,1,0,0,2,1,1,1,0,0,0.0,0,0,1,1.0,0,0,1,0,0,0,1,True
t3_5557gs,1.0,1,1,1,2,1,2,1,0,0,0,0,0,0,0.0,0,0,0,0,0,0,2,True
t3_5557gs,2.0,1,1,1,2,1,2,1,0,0,0,0,0,0,0.0,0,0,0,0,0,0,2,True
t3_5557gs,5.0,1,1,1,2,1,2,1,0,0,0,0,0,0,0.0,0,0,0,0,0,0,2,True
t3_5557gs,10.0,1,1,1,2,1,2,1,0,0,0,0,0,0,0.0,0,0,0,0,0,0,2,True
t3_5557gs,20.0,1,1,1,2,1,2,1,0,0,0,0,0,0,0.0,0,0,0,0,0,0,2,True
t3_5557gs,30.0,1,1,1,2,1,2,1,0,0,0,0,0,0,0.0,0,0,0,0,0,0,2,True
t3_5557gs,40.0,1,1,1,2,1,2,1,0,0,0,0,0,0,0.0,0,0,0,0,0,0,2,True
t3_5557gs,50.0,1,1,1,2,1,2,1,0,0,0,0,0,0,0.0,0,0,0,0,0,0,2,True
t3_5566z4,0.0,1,0,1,2,1,2,1,1.0,1.0,1.0,1,0,0,0.0,0,0,0,0,0,0,2,False
t3_5566z4,1.0,1,1,1,2,1,2,1,0,0,0,0,0,0,0.0,0,0,0,0,0,0,2,False
t3_5566z4,2.0,1,1,1,2,1,2,1,0,0,0,0,0,0,0.0,0,0,0,0,0,0,2,False
t3_5566z4,5.0,1,1,1,2,1,2,1,0,0,0,0,0,0,0.0,0,0,0,0,0,0,2,False
t3_5566z4,10.0,1,1,1,2,1,2,1,0,0,0,0,0,0,0.0,0,0,0,0,0,0,2,False
t3_5566z4,20.0,1,1,1,2,1,2,1,0,0,0,0,0,0,0.0,0,0,0,0,0,0,2,False
t3_5566z4,30.0,1,1,1,2,1,2,1,0,0,0,0,0,0,0.0,0,0,0,0,0,0,2,False
t3_5566z4,40.0,1,1,1,2,1,2,1,0,0,0,0,0,0,0.0,0,0,0,0,0,0,2,False
t3_5566z4,50.0,1,1,1,2,1,2,1,0,0,0,0,0,0,0.0,0,0,0,0,0,0,2,False
t3_559vma,0.0,2,0,0,2,2,1,1,0,0,0.0,0,0,2,2.0,0,0,2,2245,0,0,1,True
t3_559vma,1.0,2,2,2,2,2,2,2,0,0,0,0,0,0,0.0,0,0,0,0,0,0,3,True
t3_559vma,2.0,2,2,2,2,2,2,2,0,0,0,0,0,0,0.0,0,0,0,0,0,0,3,True
t3_559vma,5.0,2,2,2,2,2,2,2,0,0,0,0,0,0,0.0,0,0,0,0,0,0,3,True
t3_559vma,10.0,2,2,2,2,2,2,2,0,0,0,0,0,0,0.0,0,0,0,0,0,0,3,True
t3_559vma,20.0,2,2,2,2,2,2,2,0,0,0,0,0,0,0.0,0,0,0,0,0,0,3,True
t3_559vma,30.0,2,2,2,2,2,2,2,0,0,0,0,0,0,0.0,0,0,0,0,0,0,3,True
t3_559vma,40.0,2,2,2,2,2,2,2,0,0,0,0,0,0,0.0,0,0,0,0,0,0,3,True
t3_559vma,50.0,2,2,2,2,2,2,2,0,0,0,0,0,0,0.0,0,0,0,0,0,0,3,True
t3_55af6i,0.0,3,0,0,2,3,1,1,0,0,0.0,0,0,3,3.0,0,0,3,3714,0,0,1,True
t3_55af6i,1.0,3,3,3,2,3,2,3,0,0,0,0,0,0,0.0,0,0,0,0,0,0,4,True
t3_55af6i,2.0,3,3,3,2,3,2,3,0,0,0,0,0,0,0.0,0,0,0,0,0,0,4,True
t3_55af6i,5.0,3,3,3,2,3,2,3,0,0,0,0,0,0,0.0,0,0,0,0,0,0,4,True
t3_55af6i,10.0,3,3,3,2,3,2,3,0,0,0,0,0,0,0.0,0,0,0,0,0,0,4,True
t3_55af6i,20.0,3,3,3,2,3,2,3,0,0,0,0,0,0,0.0,0,0,0,0,0,0,4,True
t3_55af6i,30.0,3,3,3,2,3,2,3,0,0,0,0,0,0,0.0,0,0,0,0,0,0,4,True
t3_55af6i,40.0,3,3,3,2,3,2,3,0,0,0,0,0,0,0.0,0,0,0,0,0,0,4,True
t3_55af6i,50.0,3,3,3,2,3,2,3,0,0,0,0,0,0,0.0,0,0,0,0,0,0,4,True
t3_55ajhp,0.0,3,0,0,3,2,1,1,0,0,0.0,0,0,3,3.0,0,0,3,901,0,0,1,True
t3_55ajhp,1.0,3,3,3,3,2,3,2,0,0,0,0,0,0,0.0,0,0,0,0,0,0,4,True
t3_55ajhp,2.0,3,3,3,3,2,3,2,0,0,0,0,0,0,0.0,0,0,0,0,0,0,4,True
t3_55ajhp,5.0,3,3,3,3,2,3,2,0,0,0,0,0,0,0.0,0,0,0,0,0,0,4,True
t3_55ajhp,10.0,3,3,3,3,2,3,2,0,0,0,0,0,0,0.0,0,0,0,0,0,0,4,True
t3_55ajhp,20.0,3,3,3,3,2,3,2,0,0,0,0,0,0,0.0,0,0,0,0,0,0,4,True
t3_55ajhp,30.0,3,3,3,3,2,3,2,0,0,0,0,0,0,0.0,0,0,0,0,0,0,4,True
t3_55ajhp,40.0,3,3,3,3,2,3,2,0,0,0,0,0,0,0.0,0,0,0,0,0,0,4,True
t3_55ajhp,50.0,3,3,3,3,2,3,2,0,0,0,0,0,0,0.0,0,0,0,0,0,0,4,True

Average by time observed
time_observed,true_comment_count,observed_comment_count,simulated_comment_count,true_depth,true_breadth,simulated_depth,simulated_breadth,f1,precision,recall,true_pos,false_pos,false_neg,dist,remove_count,remove_time,insert_count,insert_time,update_count,update_time,match_count
0.0,4.64,0.0,0.67,2.49,2.78,1.4,1.27,0.18483631183631186,0.2966666666666667,0.17208992787148125,0.46,0.21,4.14,4.39,0.21,33.067359441896315,4.14,84704.85,0.0,0.0,1.46
1.0,4.64,2.29,2.34,2.49,2.78,2.18,2.0,0.014523809523809524,0.03,0.01,0.03,0.02,2.24,2.34,0.02,892.0445036801143,2.24,79950.81,0.0,0.0,3.32
2.0,4.64,2.78,2.83,2.49,2.78,2.28,2.26,0.0025,0.01,0.0014285714285714286,0.01,0.04,1.51,1.89,0.04,475.09407766277945,1.51,60839.09,0.0,0.0,3.79
5.0,4.64,3.12,3.13,2.49,2.78,2.34,2.37,0.0,0.0,0.0,0.0,0.01,1.35,1.53,0.01,4966.444582960936,1.35,58544.56,0.0,0.0,4.12
10.0,4.64,3.81,3.84,2.49,2.78,2.44,2.67,0.003333333333333333,0.003333333333333333,0.003333333333333333,0.01,0.02,0.82,0.84,0.02,1864.1329238043347,0.82,40769.16,0.0,0.0,4.82
20.0,4.64,4.46,4.5,2.49,2.78,2.49,2.77,0.004,0.005,0.003333333333333333,0.01,0.03,0.17,0.2,0.03,2866.3372070131722,0.17,16312.14,0.0,0.0,5.47
30.0,4.64,4.53,4.56,2.49,2.78,2.49,2.77,0.0,0.0,0.0,0.0,0.03,0.11,0.14,0.03,13471.972798789655,0.11,12391.21,0.0,0.0,5.53
40.0,4.64,4.57,4.6,2.49,2.78,2.49,2.78,0.0,0.0,0.0,0.0,0.03,0.07,0.1,0.03,14879.130813029245,0.07,8654.15,0.0,0.0,5.57
50.0,4.64,4.57,4.62,2.49,2.78,2.49,2.78,0.0,0.0,0.0,0.0,0.05,0.07,0.12,0.05,24061.768104866533,0.07,8654.15,0.0,0.0,5.57

Settings
sim_post,sample
time_observed,[0.0, 1.0, 2.0, 5.0, 10.0, 20.0, 30.0, 40.0, 50.0]
subreddit,explainlikeimfive
min_node_quality,False
max_graph_size,False
min_edge_weight,0.5
testing_period,9-2016
test_len,1
training_period,8-2016
train_len,1
edge_weight_method,jaccard
include_default_params_posts,False
estimate_initial_params,False
allowable time error,30.0
time error method,topo
