post_id,param_source,time_observed,true_comment_count,observed_comment_count,simulated_comment_count,true_root_comments,sim_root_comments,true_depth,true_breadth,simulated_depth,simulated_breadth,f1,precision,recall,true_pos,false_pos,false_neg,dist,remove_count,remove_time,insert_count,insert_time,update_count,update_time,match_count,disconnected
t3_50kiku,fitted,0,62,0,15,17,14,8,19,3,14,0.38961038961038963,1.0,0.24193548387096775,15,0,47,47.0,0,0,47,30504.533333333336,0,0,16,False
t3_50mc2c,fitted,0,2159,0,677,362,386,21,549,6,386,0.4678445229681979,0.9778434268833087,0.30747793776126336,662,15,1491,1512.0,15,6223.150193750518,1491,597540.6166666661,0,0,663,False
t3_50mcql,incomplete_fitted,0,105,0,22,15,12,12,18,3,12,0.34920634920634924,1.0,0.21153846153846154,22,0,82,83.0,0,0,82,38121.73333333333,0,0,23,False
t3_50mxqm,incomplete_fitted,0,727,0,400,208,183,12,208,6,183,0.6198934280639432,0.8725,0.4807162534435262,349,51,377,429.0,51,5454.517703332818,377,159817.55000000005,0,0,350,False
t3_50ruvs,incomplete_fitted,0,130,0,48,24,16,12,33,5,21,0.4831460674157303,0.8958333333333334,0.33076923076923076,43,5,87,92.0,5,1832.1949628032735,87,38357.733333333344,0,0,44,False
t3_50shtz,fitted,0,229,0,40,27,25,11,65,4,25,0.29739776951672864,1.0,0.17467248908296942,40,0,189,189.0,0,0,189,57024.666666666664,0,0,41,False
t3_50spo8,fitted,0,492,0,140,95,95,29,131,4,95,0.4430379746835443,1.0,0.2845528455284553,140,0,352,352.0,0,0,352,243454.81666666665,0,0,141,False
t3_50v968,fitted,0,83,0,41,24,30,9,24,3,30,0.6612903225806451,1.0,0.4939759036144578,41,0,42,42.0,0,0,42,28095.366666666665,0,0,42,False
t3_50wv3x,fitted,0,61,0,18,8,13,16,8,4,13,0.4556962025316456,1.0,0.29508196721311475,18,0,43,43.0,0,0,43,10799.349999999999,0,0,19,False
t3_50xk9z,fitted,0,856,0,139,94,89,20,184,5,89,0.33413461538461536,1.0,0.20057720057720058,139,0,554,717.0,0,0,554,420355.5333333332,0,0,140,False
t3_511otg,incomplete_fitted,0,148,0,57,26,24,10,39,6,24,0.5392156862745099,0.9649122807017544,0.3741496598639456,55,2,92,95.0,2,251.6251116606725,92,59601.94999999999,0,0,56,False
t3_511zt2,incomplete_fitted,0,340,0,97,36,32,15,71,6,32,0.4232558139534884,0.9381443298969072,0.2732732732732733,91,6,242,255.0,6,904.0490634578288,242,100882.28333333327,0,0,92,False
t3_51277r,incomplete_fitted,0,77,0,20,20,9,8,20,4,9,0.4123711340206185,1.0,0.2597402597402597,20,0,57,57.0,0,0,57,29725.616666666672,0,0,21,False
t3_512ekb,fitted,0,53,0,29,18,17,7,18,4,17,0.7000000000000002,0.9655172413793104,0.5490196078431373,28,1,23,26.0,1,163.04667650267146,23,16875.766666666663,0,0,29,False
t3_512fzk,incomplete_fitted,0,119,0,44,16,15,13,37,5,16,0.5030674846625767,0.9318181818181818,0.3445378151260504,41,3,78,81.0,3,1370.8975468250808,78,51328.39999999999,0,0,42,False
t3_513ha3,fitted,0,79,0,27,12,15,12,17,4,15,0.4761904761904762,0.9259259259259259,0.32051282051282054,25,2,53,56.0,2,664.505347283839,53,21484.666666666675,0,0,26,False
t3_513moy,incomplete_fitted,0,94,0,24,20,14,10,31,4,14,0.4067796610169491,1.0,0.2553191489361702,24,0,70,70.0,0,0,70,36716.91666666666,0,0,25,False
t3_513ycp,fitted,0,334,0,126,79,72,9,116,6,72,0.5391304347826087,0.9841269841269841,0.3712574850299401,124,2,210,212.0,2,774.3783957742178,210,146636.40000000005,0,0,125,False
t3_5147i9,fitted,0,399,0,158,133,107,15,133,5,107,0.5601436265709155,0.9873417721518988,0.39097744360902253,156,2,243,245.0,2,596.252530075642,243,169236.91666666657,0,0,157,False
t3_514f7o,incomplete_fitted,0,320,0,96,35,33,12,56,6,33,0.43689320388349523,0.9375,0.2848101265822785,90,6,226,236.0,6,4006.496557800021,226,198308.91666666677,0,0,91,False
t3_5164kz,fitted,0,67,0,28,24,25,10,24,4,25,0.5894736842105264,1.0,0.417910447761194,28,0,39,39.0,0,0,39,6007.45,0,0,29,False
t3_516arc,fitted,0,52,0,21,8,6,28,8,6,6,0.410958904109589,0.7142857142857143,0.28846153846153844,15,6,37,43.0,6,5220.7720243299345,37,17295.21666666667,0,0,16,False
t3_516yga,fitted,0,66,0,21,9,10,11,13,4,10,0.45977011494252873,0.9523809523809523,0.30303030303030304,20,1,46,47.0,1,932.4741458713978,46,22760.73333333333,0,0,21,False
t3_517e0j,fitted,0,475,0,125,71,63,13,90,5,63,0.4106844741235392,0.984,0.25949367088607594,123,2,351,354.0,2,572.4606792087575,351,310306.18333333347,0,0,124,False
t3_517ih0,fitted,0,109,0,23,13,17,26,35,4,17,0.3484848484848485,1.0,0.21100917431192662,23,0,86,86.0,0,0,86,45486.650000000016,0,0,24,False
t3_517rgj,fitted,0,70,0,32,27,28,8,27,3,28,0.6274509803921569,1.0,0.45714285714285713,32,0,38,38.0,0,0,38,25348.233333333326,0,0,33,False
t3_51aw5a,fitted,0,79,0,43,32,29,7,32,5,29,0.728813559322034,1.0,0.5733333333333334,43,0,32,36.0,0,0,32,20669.6,0,0,44,False
t3_51dw6j,fitted,0,111,0,27,12,16,19,15,4,16,0.391304347826087,1.0,0.24324324324324326,27,0,84,84.0,0,0,84,35861.583333333336,0,0,28,False
t3_51egar,fitted,0,66,0,23,11,12,6,24,5,12,0.7118644067796611,0.9130434782608695,0.5833333333333334,21,2,15,47.0,2,1774.7632884403756,15,6998.616666666668,0,0,22,False
t3_51f6b5,fitted,0,928,0,205,136,125,17,302,7,125,0.3631532329495129,1.0,0.22186147186147187,205,0,719,723.0,0,0,719,765693.6000000001,0,0,206,False
t3_51j77t,fitted,0,94,0,55,25,28,14,25,4,28,0.6845637583892618,0.9272727272727272,0.5425531914893617,51,4,43,47.0,4,5043.639150803652,43,24672.266666666663,0,0,52,False
t3_51kg11,fitted,0,60,0,37,14,24,7,21,5,24,0.7010309278350515,0.918918918918919,0.5666666666666667,34,3,26,29.0,3,2360.9241612652445,26,12428.0,0,0,35,False
t3_51kyf8,incomplete_fitted,0,573,0,206,109,88,12,124,6,88,0.49742268041237114,0.9368932038834952,0.3385964912280702,193,13,377,393.0,13,474.6445652449956,377,32779.250000000015,0,0,194,False
t3_51m54v,fitted,0,65,0,15,9,8,10,11,4,8,0.375,1.0,0.23076923076923078,15,0,50,50.0,0,0,50,9620.616666666669,0,0,16,False
t3_51p7sm,fitted,0,225,0,61,37,37,21,46,5,37,0.42807017543859643,1.0,0.27232142857142855,61,0,163,164.0,0,0,163,169697.8,0,0,62,False
t3_51qm6v,fitted,0,731,0,227,138,136,18,175,6,136,0.47528916929547843,0.9955947136563876,0.31215469613259667,226,1,498,506.0,1,111.46665941271762,498,150488.45000000004,0,0,227,False
t3_51qohb,fitted,0,1027,0,207,125,103,14,183,5,103,0.33795918367346933,1.0,0.20333988212180745,207,0,811,820.0,0,0,811,736135.7166666669,0,0,208,False
t3_51r8qd,fitted,0,70,0,26,22,18,9,28,4,18,0.5416666666666666,1.0,0.37142857142857144,26,0,44,44.0,0,0,44,142859.33333333337,0,0,27,False
t3_51r9kk,fitted,0,342,0,71,39,42,13,110,5,42,0.3446601941747573,1.0,0.20821114369501467,71,0,270,271.0,0,0,270,210411.5833333333,0,0,72,False
t3_51r9ur,incomplete_fitted,0,90,0,52,26,26,11,26,4,26,0.6619718309859155,0.9038461538461539,0.5222222222222223,47,5,43,48.0,5,76.18736382928611,43,3001.6333333333337,0,0,48,False
t3_51t3aq,fitted,0,291,0,91,49,62,12,78,5,62,0.489247311827957,1.0,0.3238434163701068,91,0,190,200.0,0,0,190,154483.63333333333,0,0,92,False
t3_51um4w,fitted,0,330,0,55,32,29,15,87,6,29,0.29411764705882354,1.0,0.1724137931034483,55,0,264,275.0,0,0,264,120912.2166666667,0,0,56,False
t3_51v62r,incomplete_fitted,0,68,0,12,7,4,24,13,4,4,0.2784810126582279,0.9166666666666666,0.16417910447761194,11,1,56,58.0,1,2.757574644170232,56,118814.54999999996,0,0,12,False
t3_51yvb7,incomplete_fitted,0,52,0,28,20,17,5,20,3,17,0.65,0.9285714285714286,0.5,26,2,26,28.0,2,4.392570131492815,26,7388.6,0,0,27,False
t3_51ywot,incomplete_fitted,0,118,0,78,37,36,11,37,5,36,0.6122448979591837,0.7692307692307693,0.5084745762711864,60,18,58,76.0,18,8803.539746262097,58,44723.35,0,0,61,False
t3_51z27n,fitted,0,303,0,96,51,57,13,72,5,57,0.48120300751879697,1.0,0.31683168316831684,96,0,207,207.0,0,0,207,166632.35,0,0,97,False
t3_51zbv2,fitted,0,109,0,36,18,19,10,23,5,19,0.5,1.0,0.3333333333333333,36,0,72,73.0,0,0,72,15122.233333333332,0,0,37,False
t3_51zc9s,fitted,0,85,0,28,15,14,12,19,4,14,0.49557522123893805,1.0,0.32941176470588235,28,0,57,57.0,0,0,57,80971.09999999999,0,0,29,False
t3_51zl24,incomplete_fitted,0,174,0,70,36,40,9,42,6,40,0.5491803278688524,0.9571428571428572,0.3850574712643678,67,3,107,110.0,3,260.1909561476263,107,20465.399999999994,0,0,68,False
t3_521lvl,fitted,0,176,0,85,45,50,11,45,4,50,0.6206896551724138,0.9529411764705882,0.4602272727272727,81,4,95,99.0,4,2699.1646940409873,95,96317.53333333334,0,0,82,False
t3_5224lo,fitted,0,67,0,10,10,7,9,25,4,7,0.2597402597402597,1.0,0.14925373134328357,10,0,57,57.0,0,0,57,36053.816666666666,0,0,11,False
t3_522la2,fitted,0,122,0,47,18,19,9,31,5,19,0.5207100591715976,0.9361702127659575,0.36065573770491804,44,3,78,81.0,3,1660.5847925513199,78,56034.61666666667,0,0,45,False
t3_522vy7,fitted,0,399,0,138,83,90,9,128,5,90,0.519774011299435,1.0,0.3511450381679389,138,0,255,261.0,0,0,255,83120.89999999998,0,0,139,False
t3_5237g6,incomplete_fitted,0,526,0,186,96,77,14,115,6,77,0.5077574047954866,0.967741935483871,0.3441682600382409,180,6,343,352.0,6,15.203608745121667,343,194690.5666666666,0,0,181,False
t3_524i3l,incomplete_fitted,0,97,0,47,25,20,14,25,5,20,0.5915492957746478,0.8936170212765957,0.4421052631578947,42,5,53,60.0,5,11.955888820851962,53,11541.116666666669,0,0,43,False
t3_525ugn,fitted,0,64,0,16,9,12,7,25,5,12,0.5714285714285715,1.0,0.4,16,0,24,48.0,0,0,24,16171.383333333331,0,0,17,False
t3_526gtc,fitted,0,586,0,175,96,105,20,112,4,105,0.45910290237467016,0.9942857142857143,0.29845626072041165,174,1,409,413.0,1,138.00790397013074,409,413843.1666666668,0,0,175,False
t3_526hiz,fitted,0,77,0,36,22,23,8,25,5,23,0.6363636363636364,0.9722222222222222,0.47297297297297297,35,1,39,43.0,1,40.13024894838105,39,19948.649999999998,0,0,36,False
t3_526jt7,fitted,0,644,0,201,98,116,16,183,5,116,0.471563981042654,0.9900497512437811,0.3094867807153966,199,2,444,447.0,2,486.98256412740085,444,120362.84999999998,0,0,200,False
t3_527v9l,fitted,0,108,0,47,26,23,8,26,5,23,0.5844155844155844,0.9574468085106383,0.4205607476635514,45,2,62,65.0,2,4126.987436366038,62,62603.700000000004,0,0,46,False
t3_5280xe,incomplete_fitted,0,99,0,40,19,18,13,26,5,18,0.5323741007194245,0.925,0.37373737373737376,37,3,62,65.0,3,27.17523395654116,62,18771.35,0,0,38,False
t3_528ic0,fitted,0,374,0,169,82,90,17,82,5,90,0.5804066543438078,0.9289940828402367,0.4220430107526882,157,12,215,229.0,12,4991.09724403759,215,107018.38333333339,0,0,158,False
t3_528rc3,fitted,0,60,0,38,16,18,7,16,6,18,0.673469387755102,0.868421052631579,0.55,33,5,27,32.0,5,987.5630749155589,27,2998.733333333334,0,0,34,False
t3_52a41h,incomplete_fitted,0,93,0,43,22,21,9,22,6,21,0.5925925925925926,0.9302325581395349,0.43478260869565216,40,3,52,56.0,3,1042.3716223420608,52,27924.483333333334,0,0,41,False
t3_52ac93,incomplete_fitted,0,58,0,48,22,26,12,22,5,26,0.679245283018868,0.75,0.6206896551724138,36,12,22,34.0,12,2455.50847637285,22,11064.816666666668,0,0,37,False
t3_52acww,incomplete_fitted,0,63,0,19,12,9,10,16,4,9,0.46913580246913583,1.0,0.3064516129032258,19,0,43,44.0,0,0,43,6452.550000000001,0,0,20,False
t3_52buiv,incomplete_fitted,0,56,0,20,19,14,7,19,5,14,0.5263157894736842,1.0,0.35714285714285715,20,0,36,36.0,0,0,36,5481.466666666668,0,0,21,False
t3_52buwv,incomplete_fitted,0,358,0,113,46,44,11,113,6,44,0.4582441113490364,0.9469026548672567,0.3022598870056497,107,6,247,257.0,6,580.0146643169152,247,75038.78333333333,0,0,108,False
t3_52ejri,fitted,0,325,0,174,86,111,13,86,4,111,0.659919028340081,0.9367816091954023,0.509375,163,11,157,173.0,11,6373.074492800551,157,102340.6666666667,0,0,164,False
t3_52fcxa,fitted,0,219,0,111,89,84,10,89,5,84,0.6545454545454545,0.972972972972973,0.4931506849315068,108,3,111,114.0,3,2945.2846269769443,111,44692.18333333332,0,0,109,False
t3_52fhdt,fitted,0,233,0,119,51,62,10,59,5,62,0.6363636363636365,0.9411764705882353,0.48068669527896996,112,7,121,128.0,7,6473.6088696941715,121,95135.3,0,0,113,False
t3_52fk31,incomplete_fitted,0,221,0,51,25,23,13,74,5,23,0.36764705882352944,0.9803921568627451,0.22624434389140272,50,1,171,172.0,1,1.0457675636081973,171,68494.6,0,0,51,False
t3_52fl85,incomplete_fitted,0,118,0,52,15,20,9,42,5,20,0.5647058823529413,0.9230769230769231,0.4067796610169492,48,4,70,74.0,4,711.2225609500811,70,31871.88333333333,0,0,49,False
t3_52fzsq,incomplete_fitted,0,60,0,35,24,15,7,24,6,15,0.6595744680851064,0.8857142857142857,0.5254237288135594,31,4,28,33.0,4,246.404546125686,28,15760.333333333336,0,0,32,False
t3_52g5a4,incomplete_fitted,0,203,0,60,31,20,9,49,5,23,0.44444444444444453,0.9666666666666667,0.2885572139303483,58,2,143,147.0,2,11.191983152394185,143,153524.53333333335,0,0,59,False
t3_52ghjf,fitted,0,165,0,27,21,15,8,57,5,15,0.28125,1.0,0.16363636363636364,27,0,138,138.0,0,0,138,42269.983333333315,0,0,28,False
t3_52hd56,fitted,0,63,0,37,13,19,11,13,6,19,0.6,0.8108108108108109,0.47619047619047616,30,7,33,40.0,7,18120.600860093997,33,16784.916666666668,0,0,31,False
t3_52hkpc,fitted,0,63,0,26,15,15,10,19,4,15,0.5617977528089887,0.9615384615384616,0.3968253968253968,25,1,38,39.0,1,638.609823670814,38,24558.16666666667,0,0,26,False
t3_52hry0,incomplete_fitted,0,922,0,245,124,116,22,162,7,116,0.41860465116279066,0.9918367346938776,0.2652838427947598,243,2,673,681.0,2,12.48257689284619,673,552278.4833333334,0,0,244,False
t3_52hxl3,incomplete_fitted,0,78,0,31,24,13,8,24,5,13,0.5137614678899083,0.9032258064516129,0.358974358974359,28,3,50,53.0,3,251.28385996981834,50,10246.833333333338,0,0,29,False
t3_52jl96,incomplete_fitted,0,140,0,75,27,31,15,28,5,31,0.6232558139534884,0.8933333333333333,0.4785714285714286,67,8,73,81.0,8,494.2768679589359,73,53612.71666666669,0,0,68,False
t3_52kwis,fitted,0,1342,0,413,233,257,18,331,7,257,0.4724770642201835,0.9975786924939467,0.30954169797145004,412,1,919,931.0,1,12.206825076820106,919,393200.983333333,0,0,413,False
t3_52lwyo,incomplete_fitted,0,50,0,25,8,6,14,11,6,11,0.5135135135135135,0.76,0.3877551020408163,19,6,30,37.0,6,245.2788687229915,30,4039.8333333333344,0,0,20,False
t3_52o86r,fitted,0,337,0,66,30,35,13,69,5,35,0.3275434243176179,1.0,0.19584569732937684,66,0,271,271.0,0,0,271,242803.8333333334,0,0,67,False
t3_52p2mw,fitted,0,878,0,195,120,109,17,140,5,109,0.3644859813084112,1.0,0.22285714285714286,195,0,680,683.0,0,0,680,514820.59999999986,0,0,196,False
t3_52pcg6,fitted,0,129,0,62,27,40,13,33,4,40,0.6387434554973822,0.9838709677419355,0.4728682170542636,61,1,68,69.0,1,1802.2703075462814,68,48074.91666666667,0,0,62,False
t3_52py6m,fitted,0,51,0,34,27,27,6,27,3,27,0.7764705882352942,0.9705882352941176,0.6470588235294118,33,1,18,19.0,1,259.7285435780335,18,6466.399999999999,0,0,34,False
t3_52qdu1,fitted,0,50,0,23,9,10,10,17,6,10,0.6027397260273973,0.9565217391304348,0.44,22,1,28,29.0,1,362.65397892522685,28,9934.466666666667,0,0,23,False
t3_52rfjb,fitted,0,886,0,210,107,125,21,156,6,125,0.3846153846153846,1.0,0.23809523809523808,210,0,672,676.0,0,0,672,405286.4000000001,0,0,211,False
t3_52s1uz,fitted,0,101,0,37,18,20,8,24,6,20,0.5072463768115941,0.9459459459459459,0.3465346534653465,35,2,66,68.0,2,368.8445803679783,66,31999.116666666665,0,0,36,False
t3_52ucya,fitted,0,948,0,252,164,148,16,194,5,148,0.42352941176470593,1.0,0.26865671641791045,252,0,686,696.0,0,0,686,732962.4833333341,0,0,253,False
t3_52vi0s,incomplete_fitted,0,52,0,9,6,4,11,12,3,5,0.3,1.0,0.17647058823529413,9,0,42,43.0,0,0,42,17658.083333333332,0,0,10,False
t3_52vw30,fitted,0,524,0,144,88,79,13,118,6,79,0.4279210925644916,0.9791666666666666,0.2737864077669903,141,3,374,386.0,3,783.5280651463727,374,231540.03333333333,0,0,142,False
t3_52vxzs,fitted,0,1583,0,276,156,177,20,224,5,177,0.2972536348949919,1.0,0.174573055028463,276,0,1305,1307.0,0,0,1305,919212.7000000001,0,0,277,False
t3_52w69h,fitted,0,159,0,55,40,30,12,47,5,30,0.49532710280373826,0.9636363636363636,0.3333333333333333,53,2,106,108.0,2,93.2748346230849,106,89762.59999999999,0,0,54,False
t3_530y9a,fitted,0,89,0,27,19,16,8,21,4,16,0.46551724137931033,1.0,0.30337078651685395,27,0,62,62.0,0,0,62,14835.783333333333,0,0,28,False
t3_53152y,fitted,0,170,0,43,26,19,13,38,6,19,0.3943661971830986,0.9767441860465116,0.24705882352941178,42,1,128,129.0,1,138.94180546417803,128,42467.9833333333,0,0,43,False
t3_5317as,fitted,0,322,0,107,56,61,13,72,7,61,0.48951048951048953,0.9813084112149533,0.32608695652173914,105,2,217,219.0,2,316.2019162559785,217,124277.31666666675,0,0,106,False
t3_531k12,fitted,0,86,0,27,33,21,7,33,3,21,0.47787610619469023,1.0,0.313953488372093,27,0,59,59.0,0,0,59,14642.616666666663,0,0,28,False
t3_531kfe,fitted,0,184,0,38,32,34,7,69,3,34,0.34234234234234234,1.0,0.20652173913043478,38,0,146,146.0,0,0,146,95162.71666666666,0,0,39,False
t3_531n9o,fitted,0,53,0,17,13,11,10,13,4,11,0.5,1.0,0.3333333333333333,17,0,34,36.0,0,0,34,13787.616666666669,0,0,18,False
t3_5320ja,fitted,0,69,0,18,11,9,17,15,4,9,0.41379310344827586,1.0,0.2608695652173913,18,0,51,51.0,0,0,51,9968.933333333334,0,0,19,False
t3_53263r,fitted,0,71,0,14,13,10,8,18,4,10,0.3636363636363636,1.0,0.2222222222222222,14,0,49,57.0,0,0,49,32789.2,0,0,15,False
t3_53436g,incomplete_fitted,0,68,0,33,23,21,11,23,4,21,0.5742574257425742,0.8787878787878788,0.4264705882352941,29,4,39,43.0,4,1220.0976861812162,39,27886.849999999995,0,0,30,False
t3_5351s7,fitted,0,56,0,52,30,41,5,30,4,41,0.7962962962962962,0.8269230769230769,0.7678571428571429,43,9,13,22.0,9,2552.704744266869,13,7126.983333333333,0,0,44,False
t3_535gbb,incomplete_fitted,0,58,0,24,9,6,11,12,6,8,0.4878048780487806,0.8333333333333334,0.3448275862068966,20,4,38,42.0,4,2206.2496893264793,38,28281.533333333336,0,0,21,False
t3_5364yp,fitted,0,1224,0,301,161,175,15,285,7,175,0.3908196721311475,0.9900332225913622,0.2434640522875817,298,3,926,929.0,3,2411.1572634628865,926,1061530.7000000004,0,0,299,False
t3_537zi2,fitted,0,108,0,38,20,19,8,30,4,19,0.5241379310344827,1.0,0.35514018691588783,38,0,69,70.0,0,0,69,54789.483333333315,0,0,39,False
t3_539glf,fitted,0,116,0,50,21,29,13,27,5,29,0.5783132530120482,0.96,0.41379310344827586,48,2,68,70.0,2,1407.9915031583582,68,29314.016666666663,0,0,49,False
t3_539y59,fitted,0,1572,0,440,223,252,32,296,6,252,0.43447932237169906,0.990909090909091,0.2782386726228462,436,4,1131,1140.0,4,2279.0265557003863,1131,1155940.199999999,0,0,437,False
t3_53btmj,fitted,0,336,0,129,63,71,11,95,5,71,0.5376344086021505,0.9689922480620154,0.37202380952380953,125,4,211,215.0,4,1145.925569795891,211,84791.43333333338,0,0,126,False
t3_53co6i,incomplete_fitted,0,53,0,30,22,20,8,22,4,20,0.6746987951807228,0.9333333333333333,0.5283018867924528,28,2,25,27.0,2,520.8409011032728,25,10565.966666666669,0,0,29,False
t3_53comb,fitted,0,166,0,40,29,24,13,33,4,24,0.38834951456310685,1.0,0.24096385542168675,40,0,126,126.0,0,0,126,89874.66666666667,0,0,41,False
t3_53d664,fitted,0,272,0,89,77,64,12,77,5,64,0.4944444444444444,1.0,0.3284132841328413,89,0,182,183.0,0,0,182,81314.43333333338,0,0,90,False
t3_53drrd,incomplete_fitted,0,62,0,32,12,10,8,20,6,13,0.6444444444444445,0.90625,0.5,29,3,29,36.0,3,976.0250779586955,29,10622.65,0,0,30,False
t3_53dt37,incomplete_fitted,0,50,0,20,24,11,8,24,4,11,0.5142857142857143,0.9,0.36,18,2,32,34.0,2,21.661552685197172,32,11857.033333333333,0,0,19,False
t3_53dtss,fitted,0,961,0,307,167,194,15,231,5,194,0.4822134387351778,0.993485342019544,0.31837160751565763,305,2,653,658.0,2,1161.0488353002074,653,545524.8833333333,0,0,306,False
t3_53fjy0,incomplete_fitted,0,54,0,22,18,12,7,18,4,12,0.5526315789473685,0.9545454545454546,0.3888888888888889,21,1,33,34.0,1,3.098883882032594,33,26032.73333333333,0,0,22,False
t3_53hfhz,incomplete_fitted,0,194,0,38,34,14,12,34,5,14,0.31034482758620685,0.9473684210526315,0.18556701030927836,36,2,158,160.0,2,11.848599553974482,158,98479.51666666668,0,0,37,False
t3_53hige,fitted,0,453,0,136,91,77,19,91,5,77,0.4584040747028863,0.9926470588235294,0.2980132450331126,135,1,318,319.0,1,1753.993027690807,318,311603.18333333335,0,0,136,False
t3_53hn6v,fitted,0,124,0,58,37,39,9,37,4,39,0.6043956043956044,0.9482758620689655,0.4435483870967742,55,3,69,72.0,3,770.268245236219,69,44749.71666666669,0,0,56,False
t3_53hs87,fitted,0,62,0,46,32,37,8,32,4,37,0.7777777777777777,0.9130434782608695,0.6774193548387096,42,4,20,24.0,4,645.0346519589764,20,10650.8,0,0,43,False
t3_53hxen,incomplete_fitted,0,98,0,27,9,12,18,20,4,12,0.43199999999999994,1.0,0.2755102040816326,27,0,71,71.0,0,0,71,51563.11666666667,0,0,28,False
t3_53i44v,incomplete_fitted,0,75,0,9,13,4,11,17,5,4,0.2195121951219512,1.0,0.1232876712328767,9,0,64,66.0,0,0,64,50896.066666666666,0,0,10,False
t3_53jlw2,fitted,0,119,0,37,16,24,12,31,4,24,0.47435897435897434,1.0,0.31092436974789917,37,0,82,82.0,0,0,82,49552.51666666664,0,0,38,False
t3_53jmlt,fitted,0,67,0,21,15,15,9,22,4,15,0.56,1.0,0.3888888888888889,21,0,33,46.0,0,0,33,36677.11666666666,0,0,22,False
t3_53lsis,fitted,0,412,0,99,57,62,20,99,5,62,0.38747553816046965,1.0,0.24029126213592233,99,0,313,313.0,0,0,313,209093.50000000012,0,0,100,False
t3_53mbca,fitted,0,84,0,39,20,26,9,20,5,26,0.6016260162601625,0.9487179487179487,0.44047619047619047,37,2,47,49.0,2,199.8336974686714,47,25107.333333333332,0,0,38,False
t3_53n2dx,fitted,0,788,0,196,130,131,17,212,6,131,0.3991853360488799,1.0,0.24936386768447838,196,0,590,592.0,0,0,590,300612.9166666668,0,0,197,False
t3_53oxnz,incomplete_fitted,0,71,0,23,21,16,8,23,3,16,0.4893617021276596,1.0,0.323943661971831,23,0,48,48.0,0,0,48,28734.28333333333,0,0,24,False
t3_53rj1y,fitted,0,53,0,31,19,26,9,19,3,26,0.738095238095238,1.0,0.5849056603773585,31,0,22,22.0,0,0,22,7158.983333333333,0,0,32,False
t3_53s3w8,fitted,0,916,0,285,177,181,14,220,5,181,0.4737281067556297,0.9964912280701754,0.31072210065645517,284,1,630,633.0,1,30.15828548066306,630,727843.8666666669,0,0,285,False
t3_53t3db,fitted,0,77,0,35,23,24,12,23,5,24,0.6071428571428571,0.9714285714285714,0.44155844155844154,34,1,43,44.0,1,86.55474722991089,43,20932.800000000003,0,0,35,False
t3_53vafz,fitted,0,103,0,15,8,7,7,26,5,7,0.2912621359223301,1.0,0.17045454545454544,15,0,73,88.0,0,0,73,64858.44999999999,0,0,16,False
t3_53wy12,incomplete_fitted,0,528,0,72,64,31,14,132,6,31,0.24120603015075376,1.0,0.13714285714285715,72,0,453,456.0,0,0,453,324317.5999999998,0,0,73,False
t3_53x7d6,fitted,0,433,0,69,45,42,16,109,4,42,0.28336755646817247,1.0,0.16507177033492823,69,0,349,364.0,0,0,349,184276.59999999995,0,0,70,False
t3_53yxiq,fitted,0,526,0,194,129,126,13,129,5,126,0.5348189415041783,0.9896907216494846,0.366412213740458,192,2,332,336.0,2,1821.9372272960125,332,253410.30000000005,0,0,193,False
t3_53yxjl,incomplete_fitted,0,103,0,41,21,17,8,30,5,17,0.5416666666666666,0.9512195121951219,0.3786407766990291,39,2,64,66.0,2,3.2156794545381833,64,40241.283333333326,0,0,40,False
t3_53z3tp,fitted,0,62,0,37,21,21,13,21,4,21,0.6464646464646465,0.8648648648648649,0.5161290322580645,32,5,30,35.0,5,551.0530265966714,30,12920.08333333333,0,0,33,False
t3_53zh83,incomplete_fitted,0,54,0,22,14,10,7,14,5,10,0.5333333333333334,0.9090909090909091,0.37735849056603776,20,2,33,36.0,2,7.039002697194413,33,12576.849999999999,0,0,21,False
t3_53zkyz,fitted,0,175,0,103,54,68,10,55,5,68,0.7050359712230216,0.9514563106796117,0.56,98,5,77,82.0,5,1961.4835556960957,77,23811.21666666667,0,0,99,False
t3_541f9r,incomplete_fitted,0,50,0,6,6,3,11,8,3,3,0.24489795918367346,1.0,0.13953488372093023,6,0,37,44.0,0,0,37,12568.400000000003,0,0,7,False
t3_541kbr,fitted,0,544,0,97,47,44,13,119,6,44,0.30503144654088055,1.0,0.17996289424860853,97,0,442,447.0,0,0,442,348826.86666666646,0,0,98,False
t3_541um5,fitted,0,448,0,166,81,97,17,81,5,97,0.5350734094616639,0.9879518072289156,0.3668903803131991,164,2,283,286.0,2,1471.4785257204053,283,250032.5333333334,0,0,165,False
t3_5448ac,fitted,0,57,0,27,14,12,9,24,5,12,0.5714285714285714,0.8888888888888888,0.42105263157894735,24,3,33,36.0,3,686.6393093472916,33,13563.749999999998,0,0,25,False
t3_544rue,fitted,0,163,0,32,17,24,38,19,4,24,0.3282051282051282,1.0,0.19631901840490798,32,0,131,131.0,0,0,131,193688.73333333337,0,0,33,False
t3_5452dm,fitted,0,55,0,17,10,10,14,14,3,10,0.44444444444444453,0.9411764705882353,0.2909090909090909,16,1,39,40.0,1,127.09216253789752,39,7196.05,0,0,17,False
t3_545f22,fitted,0,286,0,92,54,45,11,72,5,45,0.4761904761904762,0.9782608695652174,0.3146853146853147,90,2,196,198.0,2,158.1647802656329,196,26164.21666666666,0,0,91,False
t3_545huz,fitted,0,227,0,56,35,31,18,65,5,31,0.42801556420233455,0.9821428571428571,0.2736318407960199,55,1,146,173.0,1,1907.922119858585,146,149417.08333333334,0,0,56,False
t3_5465vn,incomplete_fitted,0,538,0,104,69,40,17,170,6,40,0.3249211356466877,0.9903846153846154,0.19433962264150945,103,1,427,436.0,1,7.034032762519635,427,385702.53333333327,0,0,104,False
t3_5489hy,fitted,0,72,0,51,22,32,7,27,5,32,0.7154471544715448,0.8627450980392157,0.6111111111111112,44,7,28,35.0,7,3889.864642929061,28,132301.13333333333,0,0,45,False
t3_549mse,fitted,0,855,0,346,211,215,14,211,6,215,0.5545378850957535,0.9624277456647399,0.3894736842105263,333,13,522,535.0,13,6336.438021982644,522,267951.2833333335,0,0,334,False
t3_54c2hx,incomplete_fitted,0,117,0,11,16,10,10,33,3,10,0.17187499999999997,1.0,0.09401709401709402,11,0,106,106.0,0,0,106,43705.98333333335,0,0,12,False
t3_54c660,incomplete_fitted,0,333,0,108,55,47,10,99,5,47,0.4671201814058957,0.9537037037037037,0.30930930930930933,103,5,230,235.0,5,769.056013674118,230,102931.81666666668,0,0,104,False
t3_54c71f,incomplete_fitted,0,61,0,11,10,6,10,18,4,6,0.3055555555555556,1.0,0.18032786885245902,11,0,50,50.0,0,0,50,5541.183333333333,0,0,12,False
t3_54ckvw,fitted,0,53,0,13,16,11,10,16,3,11,0.393939393939394,1.0,0.24528301886792453,13,0,40,40.0,0,0,40,21451.6,0,0,14,False
t3_54cohu,fitted,0,50,0,31,17,21,7,17,4,21,0.6666666666666666,0.8709677419354839,0.54,27,4,23,27.0,4,34574.70535257569,23,12655.783333333336,0,0,28,False
t3_54coql,fitted,0,50,0,17,20,14,7,20,3,14,0.5230769230769231,1.0,0.3541666666666667,17,0,31,33.0,0,0,31,11567.7,0,0,18,False
t3_54ctp1,fitted,0,58,0,46,24,33,6,24,4,33,0.7884615384615384,0.8913043478260869,0.7068965517241379,41,5,17,22.0,5,333.7847888548744,17,2506.35,0,0,42,False
t3_54es0u,fitted,0,109,0,49,35,36,11,35,4,36,0.6202531645569621,1.0,0.44954128440366975,49,0,60,60.0,0,0,60,49992.83333333334,0,0,50,False
t3_54f5k6,incomplete_fitted,0,52,0,28,16,16,8,16,4,16,0.6075949367088607,0.8571428571428571,0.47058823529411764,24,4,27,32.0,4,48.765068863965325,27,5297.3,0,0,25,False
t3_54fkdn,incomplete_fitted,0,207,0,81,60,46,11,60,5,46,0.548611111111111,0.9753086419753086,0.38164251207729466,79,2,128,130.0,2,4.262964652966991,128,111620.43333333336,0,0,80,False
t3_54fprf,incomplete_fitted,0,50,0,41,19,19,6,19,4,19,0.6813186813186813,0.7560975609756098,0.62,31,10,19,29.0,10,1585.930118436503,19,14436.750000000002,0,0,32,False
t3_54fzqx,fitted,0,361,0,87,63,59,11,74,5,59,0.38839285714285715,1.0,0.2409972299168975,87,0,274,274.0,0,0,274,82078.61666666662,0,0,88,False
t3_54j0a2,incomplete_fitted,0,69,0,23,17,13,8,18,4,13,0.5,1.0,0.3333333333333333,23,0,46,46.0,0,0,46,36837.416666666664,0,0,24,False
t3_54jarz,incomplete_fitted,0,76,0,30,11,11,9,24,7,11,0.5384615384615385,0.9333333333333333,0.3783783783783784,28,2,46,50.0,2,6958.3582788856775,46,482584.3333333333,0,0,29,False
t3_54jiwa,incomplete_fitted,0,205,0,81,46,37,18,46,5,37,0.5314685314685313,0.9382716049382716,0.37073170731707317,76,5,129,134.0,5,2130.14398939892,129,104736.10000000002,0,0,77,False
t3_54jwfa,incomplete_fitted,0,1052,0,407,251,204,13,251,7,204,0.5284831846259437,0.9459459459459459,0.36666666666666664,385,22,665,689.0,22,1450.931702594044,665,172727.6999999999,0,0,386,False
t3_54kwkv,fitted,0,294,0,120,79,71,10,79,5,71,0.5603864734299516,0.9666666666666667,0.3945578231292517,116,4,178,182.0,4,1489.2576196506145,178,117722.85000000003,0,0,117,False
t3_54lm3a,fitted,0,103,0,22,13,15,8,45,4,15,0.36974789915966383,1.0,0.2268041237113402,22,0,75,81.0,0,0,75,302000.85,0,0,23,False
t3_54lmuf,fitted,0,344,0,187,129,148,17,129,5,148,0.6843100189035917,0.9679144385026738,0.5292397660818714,181,6,161,169.0,6,1559.7544371062465,161,38105.200000000004,0,0,182,False
t3_54luef,fitted,0,70,0,27,23,16,11,23,5,16,0.5154639175257733,0.9259259259259259,0.35714285714285715,25,2,45,47.0,2,70.06173091792155,45,2855.4999999999995,0,0,26,False
t3_54nd9v,fitted,0,104,0,37,22,22,11,28,4,22,0.5106382978723405,0.972972972972973,0.34615384615384615,36,1,68,69.0,1,999.4670891406089,68,51630.61666666667,0,0,37,False
t3_54o2u8,fitted,0,64,0,15,15,13,9,15,3,13,0.379746835443038,1.0,0.234375,15,0,49,49.0,0,0,49,26090.68333333333,0,0,16,False
t3_54o2wn,fitted,0,1060,0,165,92,84,17,213,5,84,0.27340513670256833,1.0,0.15834932821497122,165,0,877,895.0,0,0,877,1281586.6999999997,0,0,166,False
t3_54quqc,fitted,0,973,0,478,329,324,17,329,6,324,0.6257753273604411,0.9497907949790795,0.46659815005138744,454,24,519,543.0,24,14630.0158640918,519,705408.6666666665,0,0,455,False
t3_54r3og,fitted,0,915,0,288,147,197,19,147,5,197,0.47880299251870323,1.0,0.31475409836065577,288,0,627,627.0,0,0,627,523072.36666666693,0,0,289,False
t3_54tgz6,fitted,0,65,0,24,14,12,8,14,4,12,0.5168539325842697,0.9583333333333334,0.35384615384615387,23,1,42,43.0,1,41.39255353167596,42,2935.1333333333328,0,0,24,False
t3_54wbpn,fitted,0,1088,0,291,154,191,12,278,6,191,0.42388929351784416,1.0,0.2689463955637708,291,0,791,797.0,0,0,791,271259.4000000001,0,0,292,False
t3_54wmoa,fitted,0,102,0,52,25,33,8,25,5,33,0.6578947368421052,0.9615384615384616,0.5,50,2,50,54.0,2,173.56209197942246,50,21835.95,0,0,51,False
t3_54y87z,incomplete_fitted,0,105,0,50,22,22,11,23,5,22,0.5974025974025974,0.92,0.4423076923076923,46,4,58,63.0,4,796.3187547133421,58,20163.06666666667,0,0,47,False
t3_54ye8g,fitted,0,143,0,59,26,38,13,34,4,38,0.5671641791044777,0.9661016949152542,0.4014084507042254,57,2,85,88.0,2,349.11558268727725,85,54372.48333333332,0,0,58,False
t3_54yumb,fitted,0,1171,0,157,84,86,27,228,5,86,0.3401950162513543,1.0,0.20496083550913838,157,0,609,1014.0,0,0,609,794547.0499999997,0,0,158,False
t3_552cf2,fitted,0,250,0,47,25,26,13,69,5,26,0.35074626865671643,1.0,0.21266968325791855,47,0,174,203.0,0,0,174,181096.4500000001,0,0,48,False
t3_552ei3,fitted,0,51,0,18,11,13,10,11,4,13,0.5217391304347826,1.0,0.35294117647058826,18,0,33,33.0,0,0,33,9898.983333333335,0,0,19,False
t3_552szl,fitted,0,1023,0,305,219,205,15,219,5,205,0.4596834966088923,1.0,0.2984344422700587,305,0,717,718.0,0,0,717,621449.2166666664,0,0,306,False
t3_552zqx,fitted,0,144,0,70,36,45,16,36,5,45,0.616822429906542,0.9428571428571428,0.4583333333333333,66,4,78,82.0,4,1184.6767880833595,78,26155.083333333332,0,0,67,False
t3_553bnp,fitted,0,89,0,37,17,22,10,17,4,22,0.5873015873015873,1.0,0.4157303370786517,37,0,52,52.0,0,0,52,30353.31666666667,0,0,38,False
t3_557aua,fitted,0,277,0,64,42,38,16,57,5,38,0.37536656891495607,1.0,0.23104693140794225,64,0,213,213.0,0,0,213,80518.78333333333,0,0,65,False
t3_557drz,fitted,0,743,0,269,180,171,15,180,5,171,0.5284147557328016,0.9851301115241635,0.36103542234332425,265,4,469,482.0,4,815.3226410381626,469,169063.89999999997,0,0,266,False
t3_559t5z,fitted,0,67,0,45,23,30,7,23,4,30,0.7142857142857142,0.8888888888888888,0.5970149253731343,40,5,27,32.0,5,682.563367945591,27,9656.483333333335,0,0,41,False
t3_559w01,fitted,0,518,0,191,101,111,18,101,6,111,0.5190409026798307,0.9633507853403142,0.3552123552123552,184,7,334,341.0,7,1418.9802414608166,334,262663.88333333324,0,0,185,False
t3_55a0us,fitted,0,93,0,58,40,40,8,40,5,40,0.7152317880794703,0.9310344827586207,0.5806451612903226,54,4,39,43.0,4,2411.9738009202274,39,25359.13333333333,0,0,55,False
t3_55aeh7,fitted,0,1346,0,230,145,142,16,325,5,142,0.29262086513994917,1.0,0.17138599105812222,230,0,1112,1116.0,0,0,1112,454261.2500000002,0,0,231,False

Average by time observed
param_source,time_observed,true_comment_count,observed_comment_count,simulated_comment_count,true_root_comments,sim_root_comments,true_depth,true_breadth,simulated_depth,simulated_breadth,f1,precision,recall,true_pos,false_pos,false_neg,dist,remove_count,remove_time,insert_count,insert_time,update_count,update_time,match_count
0.0,0.0,292.7886597938144,0.0,89.8659793814433,52.43298969072165,52.08247422680412,12.345360824742269,71.43298969072166,4.778350515463917,52.18556701030928,0.4995638264002045,0.960998305922883,0.35174342569175243,87.1701030927835,2.695876288659794,200.50515463917526,208.31443298969072,2.695876288659794,1137.1926465758556,200.50515463917526,143058.13874570458,0.0,0.0,88.1701030927835

Settings
sim_post,all
time_observed,[0]
subreddit,explainlikeimfive
min_node_quality,False
max_graph_size,False
min_edge_weight,0.1
testing_period,9-2016
test_len,1
training_period,8-2016
train_len,1
edge_weight_method,jaccard
include_default_params_posts,False
estimate_initial_params,False
allowable time error,30.0
time error method,topo
