post_id,time_observed,true_comment_count,observed_comment_count,simulated_comment_count,true_root_comments,sim_root_comments,true_depth,true_breadth,simulated_depth,simulated_breadth,f1,precision,recall,true_pos,false_pos,false_neg,dist,remove_count,remove_time,insert_count,insert_time,update_count,update_time,match_count,disconnected
t3_50o0r0,0,24,0,8,8,6,6,8,3,6,0.5,1.0,0.3333333333333333,8,0,16,16.0,0,0,16,2261.283333333333,0,0,9,False
t3_50ogao,0,14,0,17,13,17,3,13,2,17,0.8387096774193549,0.7647058823529411,0.9285714285714286,13,4,1,5.0,4,289.2287421948158,1,8.15,0,0,14,False
t3_50zi68,0,10,0,1,5,1,5,5,2,1,0.18181818181818182,1.0,0.1,1,0,9,9.0,0,0,9,1376.1833333333334,0,0,2,False
t3_510bsx,0,10,0,5,10,5,2,10,2,5,0.6666666666666666,1.0,0.5,5,0,5,5.0,0,0,5,1985.0666666666666,0,0,6,False
t3_510xup,0,12,0,12,9,11,4,9,3,11,0.8333333333333334,0.8333333333333334,0.8333333333333334,10,2,2,4.0,2,19.106214316416597,2,489.6,0,0,11,False
t3_51axuw,0,17,0,5,13,5,4,13,2,5,0.45454545454545453,1.0,0.29411764705882354,5,0,12,12.0,0,0,12,1555.9333333333334,0,0,6,False
t3_51ishl,0,14,0,12,8,8,5,8,3,8,0.7692307692307692,0.8333333333333334,0.7142857142857143,10,2,4,6.0,2,4.982874969960479,4,643.25,0,0,11,False
t3_51j1o8,0,14,0,5,6,5,6,6,2,5,0.5263157894736842,1.0,0.35714285714285715,5,0,9,9.0,0,0,9,163.16666666666669,0,0,6,False
t3_51mhdi,0,11,0,3,3,3,5,4,2,3,0.42857142857142855,1.0,0.2727272727272727,3,0,8,8.0,0,0,8,395.40000000000003,0,0,4,False
t3_5211ic,0,11,0,3,4,1,6,4,3,2,0.42857142857142855,1.0,0.2727272727272727,3,0,8,8.0,0,0,8,98.68333333333334,0,0,4,False
t3_525svk,0,22,0,12,10,7,5,10,5,7,0.6470588235294118,0.9166666666666666,0.5,11,1,11,12.0,1,2.076386905382847,11,6424.15,0,0,12,False
t3_52clfy,0,10,0,10,5,6,5,5,3,6,0.7,0.7,0.7,7,3,3,6.0,3,37.67858345499222,3,60.93333333333334,0,0,8,False
t3_52efiz,0,15,0,8,4,6,4,7,4,6,0.608695652173913,0.875,0.4666666666666667,7,1,8,9.0,1,61.58502378984873,8,2807.133333333333,0,0,8,False
t3_52gmwv,0,22,0,5,8,5,5,8,2,5,0.37037037037037035,1.0,0.22727272727272727,5,0,17,17.0,0,0,17,6935.966666666668,0,0,6,False
t3_52jqok,0,11,0,8,7,7,4,7,3,7,0.7368421052631579,0.875,0.6363636363636364,7,1,4,5.0,1,18.117741179547508,4,633.2833333333334,0,0,8,False
t3_52p2mw,0,878,0,236,120,124,17,140,6,124,0.431985294117647,0.9957627118644068,0.27582159624413144,235,1,617,644.0,1,475.2258254417141,617,463088.1833333332,0,0,236,False
t3_52qbdw,0,10,0,0,3,0,5,4,1,1,0,0,0.0,0,0,10,10.0,0,0,10,161.0,0,0,1,False
t3_52s6w1,0,14,0,15,12,14,4,12,3,14,0.8275862068965518,0.8,0.8571428571428571,12,3,2,5.0,3,16.019089300008858,2,30.78333333333333,0,0,13,False
t3_52yee4,0,15,0,11,4,7,7,4,4,7,0.5384615384615385,0.6363636363636364,0.4666666666666667,7,4,8,12.0,4,9.09300575206327,8,120.53333333333333,0,0,8,False
t3_530orj,0,13,0,5,7,4,5,7,3,4,0.5555555555555556,1.0,0.38461538461538464,5,0,8,8.0,0,0,8,919.9999999999999,0,0,6,False
t3_5321ur,0,10,0,3,3,3,7,3,2,3,0.4615384615384615,1.0,0.3,3,0,7,7.0,0,0,7,490.0,0,0,4,False
t3_5353n2,0,11,0,7,5,6,6,5,3,6,0.6666666666666665,0.8571428571428571,0.5454545454545454,6,1,5,6.0,1,12.486937137293243,5,77.1,0,0,7,False
t3_539cgu,0,17,0,3,9,3,9,9,2,3,0.3,1.0,0.17647058823529413,3,0,14,14.0,0,0,14,2225.033333333334,0,0,4,False
t3_539loy,0,11,0,8,8,7,4,8,3,7,0.7368421052631579,0.875,0.6363636363636364,7,1,4,5.0,1,7.5699942706518035,4,1442.0333333333333,0,0,8,False
t3_53a773,0,14,0,10,10,8,3,10,3,8,0.8333333333333333,1.0,0.7142857142857143,10,0,4,4.0,0,0,4,559.1833333333334,0,0,11,False
t3_53afi1,0,22,0,20,6,8,9,6,5,8,0.6666666666666666,0.7,0.6363636363636364,14,6,8,14.0,6,1660.1393473700516,8,1089.4833333333333,0,0,15,False
t3_53c07c,0,17,0,8,7,7,7,7,3,7,0.6399999999999999,1.0,0.47058823529411764,8,0,9,9.0,0,0,9,1461.9500000000003,0,0,9,False
t3_53cp18,0,11,0,7,6,5,4,6,3,5,0.5555555555555556,0.7142857142857143,0.45454545454545453,5,2,6,8.0,2,5.393802908699774,6,492.23333333333335,0,0,6,False
t3_53d32a,0,12,0,8,8,6,4,8,3,6,0.8,1.0,0.6666666666666666,8,0,4,4.0,0,0,4,267.68333333333334,0,0,9,False
t3_53gm24,0,12,0,6,9,4,4,9,3,4,0.5555555555555556,0.8333333333333334,0.4166666666666667,5,1,7,8.0,1,1.151734111376405,7,1729.7,0,0,6,False
t3_53jfyn,0,10,0,7,4,5,5,4,3,5,0.7058823529411764,0.8571428571428571,0.6,6,1,4,5.0,1,4.27546884324176,4,132.58333333333334,0,0,7,False
t3_53s3w8,0,916,0,272,177,175,14,220,7,175,0.45829823083403537,1.0,0.2972677595628415,272,0,643,644.0,0,0,643,1115657.6166666665,0,0,273,False
t3_53v10l,0,10,0,7,4,5,6,4,3,5,0.7058823529411764,0.8571428571428571,0.6,6,1,4,5.0,1,1.218376458822231,4,106.28333333333333,0,0,7,False
t3_53vwqo,0,21,0,14,6,9,6,7,4,9,0.6857142857142857,0.8571428571428571,0.5714285714285714,12,2,9,11.0,2,1.4828765217901712,9,2885.0,0,0,13,False
t3_53xna3,0,21,0,23,10,12,6,10,4,12,0.7272727272727272,0.6956521739130435,0.7619047619047619,16,7,5,12.0,7,1231.5991105042644,5,233.23333333333335,0,0,17,False
t3_53yxjl,0,103,0,23,21,18,8,30,3,18,0.3650793650793651,1.0,0.22330097087378642,23,0,80,80.0,0,0,80,61050.85,0,0,24,False
t3_543r9n,0,22,0,17,7,12,8,7,4,12,0.7692307692307693,0.8823529411764706,0.6818181818181818,15,2,7,9.0,2,56.357255880060556,7,439.7166666666666,0,0,16,False
t3_545fhq,0,12,0,5,4,2,7,4,4,2,0.5882352941176471,1.0,0.4166666666666667,5,0,7,7.0,0,0,7,244.81666666666666,0,0,6,False
t3_545xjz,0,15,0,11,7,10,7,7,3,10,0.6153846153846153,0.7272727272727273,0.5333333333333333,8,3,7,10.0,3,2536.7038254372537,7,473.6166666666666,0,0,9,False
t3_546c85,0,14,0,7,7,5,7,7,3,5,0.5714285714285714,0.8571428571428571,0.42857142857142855,6,1,8,9.0,1,3.673247513631206,8,652.4333333333334,0,0,7,False
t3_549mse,0,855,0,378,211,238,14,211,6,238,0.575609756097561,0.9365079365079365,0.4154929577464789,354,24,498,525.0,24,8946.585940845707,498,253467.61666666679,0,0,355,False
t3_54blhz,0,13,0,4,4,3,5,4,3,3,0.47058823529411764,1.0,0.3076923076923077,4,0,9,9.0,0,0,9,2213.4166666666665,0,0,5,False
t3_54cohu,0,50,0,16,17,13,7,17,4,13,0.48484848484848486,1.0,0.32,16,0,34,34.0,0,0,34,192996.05000000002,0,0,17,False
t3_54jr98,0,10,0,8,4,5,4,4,3,5,0.6666666666666665,0.75,0.6,6,2,4,6.0,2,6.5645612046937805,4,82.41666666666667,0,0,7,False
t3_54kbi5,0,34,0,21,11,18,6,12,4,18,0.7636363636363637,1.0,0.6176470588235294,21,0,13,13.0,0,0,13,3857.9833333333336,0,0,22,False
t3_54un2z,0,13,0,8,9,8,4,9,2,8,0.761904761904762,1.0,0.6153846153846154,8,0,5,5.0,0,0,5,1120.2333333333333,0,0,9,False
t3_54wens,0,23,0,5,4,3,6,8,3,3,0.37037037037037035,1.0,0.22727272727272727,5,0,17,18.0,0,0,17,56768.149999999994,0,0,6,False
t3_54yv4y,0,13,0,14,8,9,4,8,4,9,0.7407407407407408,0.7142857142857143,0.7692307692307693,10,4,3,7.0,4,3111.799997436876,3,2750.666666666667,0,0,11,False
t3_5522tq,0,16,0,4,9,4,7,9,2,4,0.4,1.0,0.25,4,0,12,12.0,0,0,12,1838.2666666666667,0,0,5,False
t3_5550sx,0,11,0,1,4,1,5,5,2,1,0.16666666666666669,1.0,0.09090909090909091,1,0,10,10.0,0,0,10,1190.7333333333331,0,0,2,False

Average by time observed
time_observed,true_comment_count,observed_comment_count,simulated_comment_count,true_root_comments,sim_root_comments,true_depth,true_breadth,simulated_depth,simulated_breadth,f1,precision,recall,true_pos,false_pos,false_neg,dist,remove_count,remove_time,insert_count,insert_time,update_count,update_time,match_count
0.0,69.32,0.0,26.12,17.16,17.08,6.0,18.84,3.18,17.12,0.5770783446349591,0.8868914078080707,0.46932229478493864,24.52,1.6,44.18,46.4,1.6,370.4023192749833,44.18,43963.095333333324,0.0,0.0,25.52

Settings
sim_post,sample
time_observed,[0]
subreddit,explainlikeimfive
min_node_quality,False
max_graph_size,False
min_edge_weight,0.1
testing_period,9-2016
test_len,1
training_period,8-2016
train_len,1
edge_weight_method,jaccard
include_default_params_posts,False
estimate_initial_params,False
allowable time error,30.0
time error method,topo
