post_id,param_source,observing_by,time_observed,observed_comment_count,max_observed_comments,true_comment_count,simulated_comment_count,true_root_comments,sim_root_comments,true_depth,true_breadth,simulated_depth,simulated_breadth,true_structural_virality,sim_structural_virality,dist,norm_dist,norm_dist_exclude_observed,MEPDL_min,MEPDL_max,remove_count,remove_time,insert_count,insert_time,update_count,update_time,match_count,disconnected,connecting_edges
t3_50qjqh,infer,comments,0,0,0,102,0,60,0,5,60,1,1,3.085094231867504,0.0,102.0,1.0,1.0,0.0,20.4,0,0,102,48003.0,0,0,1,False,30
t3_50srzx,infer,comments,0,0,0,152,1,78,1,7,78,2,1,3.369453044375645,1.0,151.0,0.993421052631579,0.993421052631579,38.5,21.571428571428573,0,0,151,73947.0666666667,0,0,2,False,30
t3_50y6zf,infer,comments,0,0,0,242,2,31,2,23,39,2,2,9.447403326191205,1.3333333333333333,240.0,0.9917355371900827,0.9917355371900827,14.5,10.434782608695652,0,0,240,173536.75000000006,0,0,3,False,30
t3_50yh6b,infer,comments,0,0,0,291,0,65,0,25,65,1,1,8.908581650426022,0.0,291.0,1.0,1.0,0.0,11.64,0,0,291,200420.34999999995,0,0,1,False,30
t3_511l88,infer,comments,0,0,0,181,0,47,0,13,47,1,1,5.747009896181167,0.0,181.0,1.0,1.0,0.0,13.923076923076923,0,0,181,155090.69999999995,0,0,1,False,30
t3_51f4mv,infer,comments,0,0,0,113,0,16,0,16,26,1,1,7.626766030119547,0.0,113.0,1.0,1.0,0.0,7.0625,0,0,113,48590.48333333333,0,0,1,False,30
t3_51krp4,infer,comments,0,0,0,159,2,34,2,12,34,2,2,7.01690251572327,1.3333333333333333,157.0,0.9874213836477987,0.9874213836477987,16.0,13.083333333333334,0,0,157,123492.63333333336,0,0,3,False,30
t3_51krpe,infer,comments,0,0,0,108,1,27,1,10,27,2,1,5.570506286102616,1.0,107.0,0.9907407407407407,0.9907407407407407,13.0,10.7,0,0,107,40064.4,0,0,2,False,30
t3_51lf42,infer,comments,0,0,0,163,1,45,1,8,45,2,1,5.240236420769116,1.0,162.0,0.9938650306748467,0.9938650306748467,22.0,20.25,0,0,162,121334.90000000004,0,0,2,False,30
t3_51lfds,infer,comments,0,0,0,133,0,66,0,8,66,1,1,3.76489731792167,0.0,133.0,1.0,1.0,0.0,16.625,0,0,133,77674.41666666669,0,0,1,False,30
t3_51lqci,infer,comments,0,0,0,147,1,18,1,13,24,2,1,8.216767788196359,1.0,146.0,0.9931972789115646,0.9931972789115646,8.5,11.23076923076923,0,0,146,52816.600000000006,0,0,2,False,26
t3_51lujy,infer,comments,0,0,0,144,0,39,0,9,48,1,1,4.784099616858238,0.0,144.0,1.0,1.0,0.0,16.0,0,0,144,102418.8666666667,0,0,1,False,16
t3_51uau3,infer,comments,0,0,0,166,1,53,1,10,53,2,1,6.179496428829089,1.0,165.0,0.9939759036144579,0.9939759036144579,26.0,16.5,0,0,164,184881.81666666668,0,0,2,False,30
t3_51ybvr,infer,comments,0,0,0,122,0,41,0,16,41,1,1,5.939757430361189,0.0,122.0,1.0,1.0,0.0,7.625,0,0,122,58598.25000000003,0,0,1,False,30
t3_51ynom,infer,comments,0,0,0,104,0,26,0,8,26,1,1,4.914652014652015,0.0,104.0,1.0,1.0,0.0,13.0,0,0,104,44014.83333333333,0,0,1,False,30
t3_521ng7,infer,comments,0,0,0,118,0,43,0,12,43,1,1,5.0588235294117645,0.0,118.0,1.0,1.0,0.0,9.833333333333334,0,0,118,104595.44999999997,0,0,1,False,30
t3_5295re,infer,comments,0,0,0,128,0,23,0,9,28,1,1,5.896317829457364,0.0,128.0,1.0,1.0,0.0,14.222222222222221,0,0,128,171569.34999999995,0,0,1,False,30
t3_52er5v,infer,comments,0,0,0,232,3,53,1,12,53,4,1,6.213630309308865,1.6666666666666667,229.0,0.9870689655172413,0.9870689655172413,26.0,19.083333333333332,0,0,228,120377.51666666672,0,0,4,False,29
t3_52f6vs,infer,comments,0,0,0,129,0,51,0,9,51,1,1,4.7627906976744185,0.0,129.0,1.0,1.0,0.0,14.333333333333334,0,0,129,17059.66666666666,0,0,1,False,30
t3_52gwzl,infer,comments,0,0,0,100,1,23,1,12,23,2,1,6.618217821782178,1.0,99.0,0.99,0.99,11.0,8.25,0,0,97,69627.25,0,0,2,False,30
t3_52ke5s,infer,comments,0,0,0,101,0,33,0,9,33,1,1,4.885070860027179,0.0,101.0,1.0,1.0,0.0,11.222222222222221,0,0,101,17197.216666666667,0,0,1,False,30
t3_52kqde,infer,comments,0,0,0,266,0,69,0,10,69,1,1,5.587057531469123,0.0,266.0,1.0,1.0,0.0,26.6,0,0,266,44327.35000000003,0,0,1,False,15
t3_52oawf,infer,comments,0,0,0,249,0,28,0,26,34,1,1,10.98833734939759,0.0,249.0,1.0,1.0,0.0,9.576923076923077,0,0,249,346174.4666666669,0,0,1,False,30
t3_52pwzs,infer,comments,0,0,0,132,0,35,0,12,35,1,1,5.831396673501937,0.0,132.0,1.0,1.0,0.0,11.0,0,0,132,62102.666666666664,0,0,1,False,30
t3_52uvy5,infer,comments,0,0,0,175,0,43,0,13,43,1,1,6.1301298701298705,0.0,175.0,1.0,1.0,0.0,13.461538461538462,0,0,175,74262.16666666667,0,0,1,False,30
t3_52v0pr,infer,comments,0,0,0,166,0,54,0,14,54,1,1,5.866531996248467,0.0,166.0,1.0,1.0,0.0,11.857142857142858,0,0,166,60235.233333333344,0,0,1,False,30
t3_52w4bz,infer,comments,0,0,0,278,0,25,0,29,27,1,1,13.671333900621438,0.0,278.0,1.0,1.0,0.0,9.586206896551724,0,0,278,221847.1833333332,0,0,1,False,30
t3_52yrl8,infer,comments,0,0,0,124,0,27,0,14,33,1,1,6.240516129032258,0.0,124.0,1.0,1.0,0.0,8.857142857142858,0,0,124,86611.04999999997,0,0,1,False,30
t3_52ztf0,infer,comments,0,0,0,143,0,61,0,12,61,1,1,4.830905205905206,0.0,143.0,1.0,1.0,0.0,11.916666666666666,0,0,143,54661.94999999997,0,0,1,False,19
t3_530gih,infer,comments,0,0,0,244,0,43,0,14,49,1,1,6.753696888591502,0.0,244.0,1.0,1.0,0.0,17.428571428571427,0,0,244,220899.90000000008,0,0,1,False,30
t3_5317r0,infer,comments,0,0,0,150,0,62,0,7,62,1,1,4.3079911699779245,0.0,150.0,1.0,1.0,0.0,21.428571428571427,0,0,150,27954.949999999997,0,0,1,False,30
t3_5321dg,infer,comments,0,0,0,283,1,97,1,13,97,2,1,6.7548897626038915,1.0,282.0,0.9964664310954063,0.9964664310954063,48.0,21.692307692307693,0,0,282,133837.90000000002,0,0,2,False,30
t3_538o58,infer,comments,0,0,0,111,1,38,1,10,38,2,1,4.998230373230373,1.0,110.0,0.990990990990991,0.990990990990991,18.5,11.0,0,0,109,127298.93333333332,0,0,2,False,30
t3_53ay6x,infer,comments,0,0,0,167,0,44,0,21,44,1,1,9.054319931565441,0.0,167.0,1.0,1.0,0.0,7.9523809523809526,0,0,167,266519.5999999999,0,0,1,False,30
t3_53cmcc,infer,comments,0,0,0,203,2,96,1,8,96,3,1,4.208490292668792,1.3333333333333333,201.0,0.9901477832512315,0.9901477832512315,47.5,25.125,0,0,200,197609.11666666673,0,0,3,False,30
t3_53cuyz,infer,comments,0,0,0,187,1,27,1,12,38,2,1,7.322562293776311,1.0,186.0,0.9946524064171123,0.9946524064171123,13.0,15.5,0,0,182,37524.549999999996,0,0,2,False,30
t3_53e3mh,infer,comments,0,0,0,116,0,33,0,9,33,1,1,5.474506336575302,0.0,116.0,1.0,1.0,0.0,12.88888888888889,0,0,116,109858.09999999999,0,0,1,False,30
t3_53hw56,infer,comments,0,0,0,116,0,23,0,16,23,1,1,8.023872679045093,0.0,116.0,1.0,1.0,0.0,7.25,0,0,116,57805.45,0,0,1,False,30
t3_53mtgg,infer,comments,0,0,0,272,1,87,1,10,87,2,1,5.073744882568412,1.0,271.0,0.9963235294117647,0.9963235294117647,43.0,27.1,0,0,271,31500.683333333327,0,0,2,False,30
t3_53mv9w,infer,comments,0,0,0,129,1,54,1,8,54,2,1,4.745140131186643,1.0,128.0,0.9922480620155039,0.9922480620155039,26.5,16.0,0,0,128,133874.38333333333,0,0,2,False,30
t3_53qupt,infer,comments,0,0,0,201,0,91,0,18,91,1,1,5.684399783261909,0.0,201.0,1.0,1.0,0.0,11.166666666666666,0,0,201,147007.3,0,0,1,False,30
t3_53snae,infer,comments,0,0,0,269,3,42,1,13,59,4,1,6.486741016109046,1.6666666666666667,266.0,0.9888475836431226,0.9888475836431226,20.5,20.46153846153846,0,0,266,68486.6,0,0,4,False,30
t3_53tgge,infer,comments,0,0,0,177,0,75,0,7,75,1,1,3.8970989652764554,0.0,177.0,1.0,1.0,0.0,25.285714285714285,0,0,177,10779.033333333326,0,0,1,False,30
t3_53u8qw,infer,comments,0,0,0,111,0,26,0,17,26,1,1,7.31515444015444,0.0,111.0,1.0,1.0,0.0,6.529411764705882,0,0,111,115829.26666666663,0,0,1,False,30
t3_53x25j,infer,comments,0,0,0,228,0,94,0,9,94,1,1,4.518041829464491,0.0,228.0,1.0,1.0,0.0,25.333333333333332,0,0,228,242335.31666666665,0,0,1,False,30
t3_5403c5,infer,comments,0,0,0,136,1,20,1,11,24,2,1,7.416917131816231,1.0,135.0,0.9926470588235294,0.9926470588235294,9.5,12.272727272727273,0,0,135,215583.0833333334,0,0,2,False,30
t3_5433pw,infer,comments,0,0,0,102,0,19,0,9,27,1,1,5.845421663811155,0.0,102.0,1.0,1.0,0.0,11.333333333333334,0,0,102,83189.41666666667,0,0,1,False,30
t3_547ki1,infer,comments,0,0,0,185,1,64,1,9,64,2,1,5.10119151409474,1.0,184.0,0.9945945945945946,0.9945945945945946,31.5,20.444444444444443,0,0,184,155787.86666666664,0,0,2,False,30
t3_54aczo,infer,comments,0,0,0,105,0,28,0,10,28,1,1,5.836837376460018,0.0,105.0,1.0,1.0,0.0,10.5,0,0,105,75752.68333333332,0,0,1,False,30
t3_54hucv,infer,comments,0,0,0,122,0,42,0,11,42,1,1,5.262694922031187,0.0,122.0,1.0,1.0,0.0,11.090909090909092,0,0,122,77168.19999999998,0,0,1,False,30
t3_54ldsu,infer,comments,0,0,0,289,0,117,0,9,117,1,1,4.882854074692758,0.0,289.0,1.0,1.0,0.0,32.111111111111114,0,0,289,220331.98333333337,0,0,1,False,30
t3_54nnyy,infer,comments,0,0,0,131,0,30,0,9,30,1,1,6.0084432107332875,0.0,131.0,1.0,1.0,0.0,14.555555555555555,0,0,131,121192.76666666668,0,0,1,False,30
t3_54qcz9,infer,comments,0,0,0,130,1,23,1,14,27,2,1,6.847680563711098,1.0,129.0,0.9923076923076923,0.9923076923076923,11.0,9.214285714285714,0,0,129,97686.31666666668,0,0,2,False,30
t3_54xewh,infer,comments,0,0,0,115,0,47,0,8,47,1,1,4.063868065967016,0.0,115.0,1.0,1.0,0.0,14.375,0,0,115,121283.83333333333,0,0,1,False,30
t3_54zkjr,infer,comments,0,0,0,120,4,32,2,14,32,4,2,6.432782369146006,2.0,116.0,0.9666666666666667,0.9666666666666667,15.0,8.285714285714286,0,0,115,166960.98333333334,0,0,5,False,30
t3_553rjw,infer,comments,0,0,0,164,0,22,0,27,28,1,1,11.47450110864745,0.0,164.0,1.0,1.0,0.0,6.074074074074074,0,0,164,134091.16666666666,0,0,1,False,30

Average by max observed comments
time_observed,observed_comment_count,max_observed_comments,true_comment_count,simulated_comment_count,true_root_comments,sim_root_comments,true_depth,true_breadth,simulated_depth,simulated_breadth,true_structural_virality,sim_structural_virality,dist,norm_dist,norm_dist_exclude_observed,MEPDL_min,MEPDL_max,remove_count,remove_time,insert_count,insert_time,update_count,update_time,match_count,connecting_edges
0.0,0.0,0.0,164.83928571428572,0.5357142857142857,46.25,0.4107142857142857,12.482142857142858,48.17857142857143,1.4821428571428572,1.0535714285714286,6.181870651423381,0.41666666666666663,164.30357142857142,0.9967378337883203,0.9967378337883203,8.205357142857142,14.50438385200978,0.0,0.0,164.10714285714286,113458.62440476187,0.0,0.0,1.5357142857142858,29.196428571428573

Settings
sim_post,all
observing,comments
observed_list,[0]
subreddit,nottheonion
min_node_quality,False
max_graph_size,False
min_edge_weight,False
testing_period,9-2016
test_len,1
training_period,3-2016
train_len,6
edge_weight_method,jaccard
include_default_params_posts,False
estimate_initial_params,False
allowable time error,30.0
time error method,topo
minimum comments,100
maximum comments,300
